TimeStamp,Date,CountyName,Province,PopulationCensus16,ConfirmedCovidCases,New Cases
1584748800000,21/03/2020,Carlow,Leinster,56932,3,3
1584748800000,21/03/2020,Cavan,Ulster,76176,3,3
1584748800000,21/03/2020,Clare,Munster,118817,9,9
1584748800000,21/03/2020,Cork,Munster,542868,104,104
1584748800000,21/03/2020,Donegal,Ulster,159192,8,8
1584748800000,21/03/2020,Dublin,Leinster,1347359,471,471
1584748800000,21/03/2020,Galway,Connacht,258058,33,33
1584748800000,21/03/2020,Kerry,Munster,147707,12,12
1584748800000,21/03/2020,Kildare,Leinster,222504,23,23
1584748800000,21/03/2020,Kilkenny,Leinster,99232,15,15
1584748800000,21/03/2020,Laois,Leinster,84697,6,6
1584748800000,21/03/2020,Leitrim,Connacht,32044,3,3
1584748800000,21/03/2020,Limerick,Munster,194899,18,18
1584748800000,21/03/2020,Longford,Leinster,40873,3,3
1584748800000,21/03/2020,Louth,Leinster,128884,13,13
1584748800000,21/03/2020,Mayo,Connacht,130507,6,6
1584748800000,21/03/2020,Meath,Leinster,195044,13,13
1584748800000,21/03/2020,Monaghan,Ulster,61386,3,3
1584748800000,21/03/2020,Offaly,Leinster,77961,10,10
1584748800000,21/03/2020,Roscommon,Connacht,64544,3,3
1584748800000,21/03/2020,Sligo,Connacht,65535,8,8
1584748800000,21/03/2020,Tipperary,Munster,159553,20,20
1584748800000,21/03/2020,Waterford,Munster,116176,9,9
1584748800000,21/03/2020,Westmeath,Leinster,88770,20,20
1584748800000,21/03/2020,Wexford,Leinster,149722,3,3
1584748800000,21/03/2020,Wicklow,Leinster,142425,22,22
1584835200000,22/03/2020,Carlow,Leinster,56932,3,0
1584835200000,22/03/2020,Cavan,Ulster,76176,5,2
1584835200000,22/03/2020,Clare,Munster,118817,11,2
1584835200000,22/03/2020,Cork,Munster,542868,123,19
1584835200000,22/03/2020,Donegal,Ulster,159192,11,3
1584835200000,22/03/2020,Dublin,Leinster,1347359,535,64
1584835200000,22/03/2020,Galway,Connacht,258058,35,2
1584835200000,22/03/2020,Kerry,Munster,147707,15,3
1584835200000,22/03/2020,Kildare,Leinster,222504,25,2
1584835200000,22/03/2020,Kilkenny,Leinster,99232,16,1
1584835200000,22/03/2020,Laois,Leinster,84697,8,2
1584835200000,22/03/2020,Leitrim,Connacht,32044,3,0
1584835200000,22/03/2020,Limerick,Munster,194899,19,1
1584835200000,22/03/2020,Longford,Leinster,40873,3,0
1584835200000,22/03/2020,Louth,Leinster,128884,16,3
1584835200000,22/03/2020,Mayo,Connacht,130507,9,3
1584835200000,22/03/2020,Meath,Leinster,195044,16,3
1584835200000,22/03/2020,Monaghan,Ulster,61386,3,0
1584835200000,22/03/2020,Offaly,Leinster,77961,13,3
1584835200000,22/03/2020,Roscommon,Connacht,64544,3,0
1584835200000,22/03/2020,Sligo,Connacht,65535,8,0
1584835200000,22/03/2020,Tipperary,Munster,159553,20,0
1584835200000,22/03/2020,Waterford,Munster,116176,13,4
1584835200000,22/03/2020,Westmeath,Leinster,88770,21,1
1584835200000,22/03/2020,Wexford,Leinster,149722,7,4
1584835200000,22/03/2020,Wicklow,Leinster,142425,28,6
1584921600000,23/03/2020,Carlow,Leinster,56932,3,0
1584921600000,23/03/2020,Cavan,Ulster,76176,5,0
1584921600000,23/03/2020,Clare,Munster,118817,12,1
1584921600000,23/03/2020,Cork,Munster,542868,133,10
1584921600000,23/03/2020,Donegal,Ulster,159192,11,0
1584921600000,23/03/2020,Dublin,Leinster,1347359,659,124
1584921600000,23/03/2020,Galway,Connacht,258058,40,5
1584921600000,23/03/2020,Kerry,Munster,147707,33,18
1584921600000,23/03/2020,Kildare,Leinster,222504,34,9
1584921600000,23/03/2020,Kilkenny,Leinster,99232,16,0
1584921600000,23/03/2020,Laois,Leinster,84697,9,1
1584921600000,23/03/2020,Leitrim,Connacht,32044,3,0
1584921600000,23/03/2020,Limerick,Munster,194899,19,0
1584921600000,23/03/2020,Longford,Leinster,40873,4,1
1584921600000,23/03/2020,Louth,Leinster,128884,18,2
1584921600000,23/03/2020,Mayo,Connacht,130507,9,0
1584921600000,23/03/2020,Meath,Leinster,195044,24,8
1584921600000,23/03/2020,Monaghan,Ulster,61386,3,0
1584921600000,23/03/2020,Offaly,Leinster,77961,13,0
1584921600000,23/03/2020,Roscommon,Connacht,64544,3,0
1584921600000,23/03/2020,Sligo,Connacht,65535,8,0
1584921600000,23/03/2020,Tipperary,Munster,159553,20,0
1584921600000,23/03/2020,Waterford,Munster,116176,15,2
1584921600000,23/03/2020,Westmeath,Leinster,88770,25,4
1584921600000,23/03/2020,Wexford,Leinster,149722,7,0
1584921600000,23/03/2020,Wicklow,Leinster,142425,39,11
1585008000000,24/03/2020,Carlow,Leinster,56932,3,0
1585008000000,24/03/2020,Cavan,Ulster,76176,6,1
1585008000000,24/03/2020,Clare,Munster,118817,25,13
1585008000000,24/03/2020,Cork,Munster,542868,154,21
1585008000000,24/03/2020,Donegal,Ulster,159192,12,1
1585008000000,24/03/2020,Dublin,Leinster,1347359,774,115
1585008000000,24/03/2020,Galway,Connacht,258058,45,5
1585008000000,24/03/2020,Kerry,Munster,147707,38,5
1585008000000,24/03/2020,Kildare,Leinster,222504,39,5
1585008000000,24/03/2020,Kilkenny,Leinster,99232,19,3
1585008000000,24/03/2020,Laois,Leinster,84697,9,0
1585008000000,24/03/2020,Leitrim,Connacht,32044,3,0
1585008000000,24/03/2020,Limerick,Munster,194899,24,5
1585008000000,24/03/2020,Longford,Leinster,40873,3,-1
1585008000000,24/03/2020,Louth,Leinster,128884,20,2
1585008000000,24/03/2020,Mayo,Connacht,130507,14,5
1585008000000,24/03/2020,Meath,Leinster,195044,27,3
1585008000000,24/03/2020,Monaghan,Ulster,61386,3,0
1585008000000,24/03/2020,Offaly,Leinster,77961,16,3
1585008000000,24/03/2020,Roscommon,Connacht,64544,5,2
1585008000000,24/03/2020,Sligo,Connacht,65535,8,0
1585008000000,24/03/2020,Tipperary,Munster,159553,27,7
1585008000000,24/03/2020,Waterford,Munster,116176,22,7
1585008000000,24/03/2020,Westmeath,Leinster,88770,29,4
1585008000000,24/03/2020,Wexford,Leinster,149722,8,1
1585008000000,24/03/2020,Wicklow,Leinster,142425,49,10
1585094400000,25/03/2020,Carlow,Leinster,56932,3,0
1585094400000,25/03/2020,Cavan,Ulster,76176,9,3
1585094400000,25/03/2020,Clare,Munster,118817,26,1
1585094400000,25/03/2020,Cork,Munster,542868,171,17
1585094400000,25/03/2020,Donegal,Ulster,159192,15,3
1585094400000,25/03/2020,Dublin,Leinster,1347359,922,148
1585094400000,25/03/2020,Galway,Connacht,258058,57,12
1585094400000,25/03/2020,Kerry,Munster,147707,44,6
1585094400000,25/03/2020,Kildare,Leinster,222504,45,6
1585094400000,25/03/2020,Kilkenny,Leinster,99232,20,1
1585094400000,25/03/2020,Laois,Leinster,84697,10,1
1585094400000,25/03/2020,Leitrim,Connacht,32044,3,0
1585094400000,25/03/2020,Limerick,Munster,194899,36,12
1585094400000,25/03/2020,Longford,Leinster,40873,5,2
1585094400000,25/03/2020,Louth,Leinster,128884,24,4
1585094400000,25/03/2020,Mayo,Connacht,130507,18,4
1585094400000,25/03/2020,Meath,Leinster,195044,33,6
1585094400000,25/03/2020,Monaghan,Ulster,61386,5,2
1585094400000,25/03/2020,Offaly,Leinster,77961,19,3
1585094400000,25/03/2020,Roscommon,Connacht,64544,7,2
1585094400000,25/03/2020,Sligo,Connacht,65535,8,0
1585094400000,25/03/2020,Tipperary,Munster,159553,34,7
1585094400000,25/03/2020,Waterford,Munster,116176,25,3
1585094400000,25/03/2020,Westmeath,Leinster,88770,39,10
1585094400000,25/03/2020,Wexford,Leinster,149722,9,1
1585094400000,25/03/2020,Wicklow,Leinster,142425,52,3
1585180800000,26/03/2020,Carlow,Leinster,56932,3,0
1585180800000,26/03/2020,Cavan,Ulster,76176,11,2
1585180800000,26/03/2020,Clare,Munster,118817,31,5
1585180800000,26/03/2020,Cork,Munster,542868,184,13
1585180800000,26/03/2020,Donegal,Ulster,159192,15,0
1585180800000,26/03/2020,Dublin,Leinster,1347359,1070,148
1585180800000,26/03/2020,Galway,Connacht,258058,63,6
1585180800000,26/03/2020,Kerry,Munster,147707,47,3
1585180800000,26/03/2020,Kildare,Leinster,222504,56,11
1585180800000,26/03/2020,Kilkenny,Leinster,99232,29,9
1585180800000,26/03/2020,Laois,Leinster,84697,11,1
1585180800000,26/03/2020,Leitrim,Connacht,32044,3,0
1585180800000,26/03/2020,Limerick,Munster,194899,46,10
1585180800000,26/03/2020,Longford,Leinster,40873,5,0
1585180800000,26/03/2020,Louth,Leinster,128884,27,3
1585180800000,26/03/2020,Mayo,Connacht,130507,21,3
1585180800000,26/03/2020,Meath,Leinster,195044,41,8
1585180800000,26/03/2020,Monaghan,Ulster,61386,8,3
1585180800000,26/03/2020,Offaly,Leinster,77961,22,3
1585180800000,26/03/2020,Roscommon,Connacht,64544,8,1
1585180800000,26/03/2020,Sligo,Connacht,65535,10,2
1585180800000,26/03/2020,Tipperary,Munster,159553,44,10
1585180800000,26/03/2020,Waterford,Munster,116176,29,4
1585180800000,26/03/2020,Westmeath,Leinster,88770,52,13
1585180800000,26/03/2020,Wexford,Leinster,149722,10,1
1585180800000,26/03/2020,Wicklow,Leinster,142425,58,6
1585267200000,27/03/2020,Carlow,Leinster,56932,3,0
1585267200000,27/03/2020,Cavan,Ulster,76176,19,8
1585267200000,27/03/2020,Clare,Munster,118817,34,3
1585267200000,27/03/2020,Cork,Munster,542868,208,24
1585267200000,27/03/2020,Donegal,Ulster,159192,24,9
1585267200000,27/03/2020,Dublin,Leinster,1347359,1233,163
1585267200000,27/03/2020,Galway,Connacht,258058,68,5
1585267200000,27/03/2020,Kerry,Munster,147707,53,6
1585267200000,27/03/2020,Kildare,Leinster,222504,61,5
1585267200000,27/03/2020,Kilkenny,Leinster,99232,33,4
1585267200000,27/03/2020,Laois,Leinster,84697,14,3
1585267200000,27/03/2020,Leitrim,Connacht,32044,3,0
1585267200000,27/03/2020,Limerick,Munster,194899,55,9
1585267200000,27/03/2020,Longford,Leinster,40873,10,5
1585267200000,27/03/2020,Louth,Leinster,128884,34,7
1585267200000,27/03/2020,Mayo,Connacht,130507,26,5
1585267200000,27/03/2020,Meath,Leinster,195044,46,5
1585267200000,27/03/2020,Monaghan,Ulster,61386,11,3
1585267200000,27/03/2020,Offaly,Leinster,77961,29,7
1585267200000,27/03/2020,Roscommon,Connacht,64544,10,2
1585267200000,27/03/2020,Sligo,Connacht,65535,12,2
1585267200000,27/03/2020,Tipperary,Munster,159553,53,9
1585267200000,27/03/2020,Waterford,Munster,116176,31,2
1585267200000,27/03/2020,Westmeath,Leinster,88770,67,15
1585267200000,27/03/2020,Wexford,Leinster,149722,12,2
1585267200000,27/03/2020,Wicklow,Leinster,142425,65,7
1585353600000,28/03/2020,Carlow,Leinster,56932,3,0
1585353600000,28/03/2020,Cavan,Ulster,76176,24,5
1585353600000,28/03/2020,Clare,Munster,118817,34,0
1585353600000,28/03/2020,Cork,Munster,542868,217,9
1585353600000,28/03/2020,Donegal,Ulster,159192,36,12
1585353600000,28/03/2020,Dublin,Leinster,1347359,1393,160
1585353600000,28/03/2020,Galway,Connacht,258058,77,9
1585353600000,28/03/2020,Kerry,Munster,147707,60,7
1585353600000,28/03/2020,Kildare,Leinster,222504,64,3
1585353600000,28/03/2020,Kilkenny,Leinster,99232,36,3
1585353600000,28/03/2020,Laois,Leinster,84697,14,0
1585353600000,28/03/2020,Leitrim,Connacht,32044,6,3
1585353600000,28/03/2020,Limerick,Munster,194899,64,9
1585353600000,28/03/2020,Longford,Leinster,40873,10,0
1585353600000,28/03/2020,Louth,Leinster,128884,39,5
1585353600000,28/03/2020,Mayo,Connacht,130507,28,2
1585353600000,28/03/2020,Meath,Leinster,195044,47,1
1585353600000,28/03/2020,Monaghan,Ulster,61386,12,1
1585353600000,28/03/2020,Offaly,Leinster,77961,34,5
1585353600000,28/03/2020,Roscommon,Connacht,64544,10,0
1585353600000,28/03/2020,Sligo,Connacht,65535,19,7
1585353600000,28/03/2020,Tipperary,Munster,159553,62,9
1585353600000,28/03/2020,Waterford,Munster,116176,34,3
1585353600000,28/03/2020,Westmeath,Leinster,88770,70,3
1585353600000,28/03/2020,Wexford,Leinster,149722,12,0
1585353600000,28/03/2020,Wicklow,Leinster,142425,69,4
1585440000000,29/03/2020,Carlow,Leinster,56932,3,0
1585440000000,29/03/2020,Cavan,Ulster,76176,31,7
1585440000000,29/03/2020,Clare,Munster,118817,40,6
1585440000000,29/03/2020,Cork,Munster,542868,238,21
1585440000000,29/03/2020,Donegal,Ulster,159192,46,10
1585440000000,29/03/2020,Dublin,Leinster,1347359,1487,94
1585440000000,29/03/2020,Galway,Connacht,258058,86,9
1585440000000,29/03/2020,Kerry,Munster,147707,66,6
1585440000000,29/03/2020,Kildare,Leinster,222504,66,2
1585440000000,29/03/2020,Kilkenny,Leinster,99232,36,0
1585440000000,29/03/2020,Laois,Leinster,84697,15,1
1585440000000,29/03/2020,Leitrim,Connacht,32044,6,0
1585440000000,29/03/2020,Limerick,Munster,194899,67,3
1585440000000,29/03/2020,Longford,Leinster,40873,10,0
1585440000000,29/03/2020,Louth,Leinster,128884,44,5
1585440000000,29/03/2020,Mayo,Connacht,130507,36,8
1585440000000,29/03/2020,Meath,Leinster,195044,54,7
1585440000000,29/03/2020,Monaghan,Ulster,61386,13,1
1585440000000,29/03/2020,Offaly,Leinster,77961,34,0
1585440000000,29/03/2020,Roscommon,Connacht,64544,10,0
1585440000000,29/03/2020,Sligo,Connacht,65535,19,0
1585440000000,29/03/2020,Tipperary,Munster,159553,71,9
1585440000000,29/03/2020,Waterford,Munster,116176,33,-1
1585440000000,29/03/2020,Westmeath,Leinster,88770,77,7
1585440000000,29/03/2020,Wexford,Leinster,149722,15,3
1585440000000,29/03/2020,Wicklow,Leinster,142425,73,4
1585526400000,30/03/2020,Carlow,Leinster,56932,3,0
1585526400000,30/03/2020,Cavan,Ulster,76176,36,5
1585526400000,30/03/2020,Clare,Munster,118817,45,5
1585526400000,30/03/2020,Cork,Munster,542868,255,17
1585526400000,30/03/2020,Donegal,Ulster,159192,63,17
1585526400000,30/03/2020,Dublin,Leinster,1347359,1645,158
1585526400000,30/03/2020,Galway,Connacht,258058,88,2
1585526400000,30/03/2020,Kerry,Munster,147707,68,2
1585526400000,30/03/2020,Kildare,Leinster,222504,80,14
1585526400000,30/03/2020,Kilkenny,Leinster,99232,37,1
1585526400000,30/03/2020,Laois,Leinster,84697,16,1
1585526400000,30/03/2020,Leitrim,Connacht,32044,10,4
1585526400000,30/03/2020,Limerick,Munster,194899,87,20
1585526400000,30/03/2020,Longford,Leinster,40873,12,2
1585526400000,30/03/2020,Louth,Leinster,128884,51,7
1585526400000,30/03/2020,Mayo,Connacht,130507,48,12
1585526400000,30/03/2020,Meath,Leinster,195044,66,12
1585526400000,30/03/2020,Monaghan,Ulster,61386,13,0
1585526400000,30/03/2020,Offaly,Leinster,77961,40,6
1585526400000,30/03/2020,Roscommon,Connacht,64544,10,0
1585526400000,30/03/2020,Sligo,Connacht,65535,22,3
1585526400000,30/03/2020,Tipperary,Munster,159553,85,14
1585526400000,30/03/2020,Waterford,Munster,116176,37,4
1585526400000,30/03/2020,Westmeath,Leinster,88770,80,3
1585526400000,30/03/2020,Wexford,Leinster,149722,15,0
1585526400000,30/03/2020,Wicklow,Leinster,142425,77,4
1585612800000,31/03/2020,Carlow,Leinster,56932,3,0
1585612800000,31/03/2020,Cavan,Ulster,76176,39,3
1585612800000,31/03/2020,Clare,Munster,118817,49,4
1585612800000,31/03/2020,Cork,Munster,542868,272,17
1585612800000,31/03/2020,Donegal,Ulster,159192,68,5
1585612800000,31/03/2020,Dublin,Leinster,1347359,1838,193
1585612800000,31/03/2020,Galway,Connacht,258058,91,3
1585612800000,31/03/2020,Kerry,Munster,147707,72,4
1585612800000,31/03/2020,Kildare,Leinster,222504,90,10
1585612800000,31/03/2020,Kilkenny,Leinster,99232,37,0
1585612800000,31/03/2020,Laois,Leinster,84697,16,0
1585612800000,31/03/2020,Leitrim,Connacht,32044,12,2
1585612800000,31/03/2020,Limerick,Munster,194899,94,7
1585612800000,31/03/2020,Longford,Leinster,40873,14,2
1585612800000,31/03/2020,Louth,Leinster,128884,52,1
1585612800000,31/03/2020,Mayo,Connacht,130507,52,4
1585612800000,31/03/2020,Meath,Leinster,195044,74,8
1585612800000,31/03/2020,Monaghan,Ulster,61386,17,4
1585612800000,31/03/2020,Offaly,Leinster,77961,46,6
1585612800000,31/03/2020,Roscommon,Connacht,64544,10,0
1585612800000,31/03/2020,Sligo,Connacht,65535,25,3
1585612800000,31/03/2020,Tipperary,Munster,159553,91,6
1585612800000,31/03/2020,Waterford,Munster,116176,38,1
1585612800000,31/03/2020,Westmeath,Leinster,88770,81,1
1585612800000,31/03/2020,Wexford,Leinster,149722,16,1
1585612800000,31/03/2020,Wicklow,Leinster,142425,84,7
1585699200000,01/04/2020,Carlow,Leinster,56932,3,0
1585699200000,01/04/2020,Cavan,Ulster,76176,41,2
1585699200000,01/04/2020,Clare,Munster,118817,50,1
1585699200000,01/04/2020,Cork,Munster,542868,292,20
1585699200000,01/04/2020,Donegal,Ulster,159192,77,9
1585699200000,01/04/2020,Dublin,Leinster,1347359,2077,239
1585699200000,01/04/2020,Galway,Connacht,258058,98,7
1585699200000,01/04/2020,Kerry,Munster,147707,79,7
1585699200000,01/04/2020,Kildare,Leinster,222504,103,13
1585699200000,01/04/2020,Kilkenny,Leinster,99232,47,10
1585699200000,01/04/2020,Laois,Leinster,84697,16,0
1585699200000,01/04/2020,Leitrim,Connacht,32044,12,0
1585699200000,01/04/2020,Limerick,Munster,194899,96,2
1585699200000,01/04/2020,Longford,Leinster,40873,16,2
1585699200000,01/04/2020,Louth,Leinster,128884,54,2
1585699200000,01/04/2020,Mayo,Connacht,130507,55,3
1585699200000,01/04/2020,Meath,Leinster,195044,88,14
1585699200000,01/04/2020,Monaghan,Ulster,61386,18,1
1585699200000,01/04/2020,Offaly,Leinster,77961,47,1
1585699200000,01/04/2020,Roscommon,Connacht,64544,13,3
1585699200000,01/04/2020,Sligo,Connacht,65535,26,1
1585699200000,01/04/2020,Tipperary,Munster,159553,94,3
1585699200000,01/04/2020,Waterford,Munster,116176,43,5
1585699200000,01/04/2020,Westmeath,Leinster,88770,86,5
1585699200000,01/04/2020,Wexford,Leinster,149722,18,2
1585699200000,01/04/2020,Wicklow,Leinster,142425,105,21
1585785600000,02/04/2020,Carlow,Leinster,56932,6,3
1585785600000,02/04/2020,Cavan,Ulster,76176,67,26
1585785600000,02/04/2020,Clare,Munster,118817,54,4
1585785600000,02/04/2020,Cork,Munster,542868,304,12
1585785600000,02/04/2020,Donegal,Ulster,159192,80,3
1585785600000,02/04/2020,Dublin,Leinster,1347359,2251,174
1585785600000,02/04/2020,Galway,Connacht,258058,105,7
1585785600000,02/04/2020,Kerry,Munster,147707,84,5
1585785600000,02/04/2020,Kildare,Leinster,222504,136,33
1585785600000,02/04/2020,Kilkenny,Leinster,99232,54,7
1585785600000,02/04/2020,Laois,Leinster,84697,21,5
1585785600000,02/04/2020,Leitrim,Connacht,32044,13,1
1585785600000,02/04/2020,Limerick,Munster,194899,116,20
1585785600000,02/04/2020,Longford,Leinster,40873,17,1
1585785600000,02/04/2020,Louth,Leinster,128884,55,1
1585785600000,02/04/2020,Mayo,Connacht,130507,63,8
1585785600000,02/04/2020,Meath,Leinster,195044,93,5
1585785600000,02/04/2020,Monaghan,Ulster,61386,20,2
1585785600000,02/04/2020,Offaly,Leinster,77961,63,16
1585785600000,02/04/2020,Roscommon,Connacht,64544,13,0
1585785600000,02/04/2020,Sligo,Connacht,65535,27,1
1585785600000,02/04/2020,Tipperary,Munster,159553,105,11
1585785600000,02/04/2020,Waterford,Munster,116176,43,0
1585785600000,02/04/2020,Westmeath,Leinster,88770,92,6
1585785600000,02/04/2020,Wexford,Leinster,149722,20,2
1585785600000,02/04/2020,Wicklow,Leinster,142425,112,7
1585872000000,03/04/2020,Carlow,Leinster,56932,12,6
1585872000000,03/04/2020,Cavan,Ulster,76176,76,9
1585872000000,03/04/2020,Clare,Munster,118817,54,0
1585872000000,03/04/2020,Cork,Munster,542868,343,39
1585872000000,03/04/2020,Donegal,Ulster,159192,81,1
1585872000000,03/04/2020,Dublin,Leinster,1347359,2490,239
1585872000000,03/04/2020,Galway,Connacht,258058,108,3
1585872000000,03/04/2020,Kerry,Munster,147707,85,1
1585872000000,03/04/2020,Kildare,Leinster,222504,152,16
1585872000000,03/04/2020,Kilkenny,Leinster,99232,73,19
1585872000000,03/04/2020,Laois,Leinster,84697,22,1
1585872000000,03/04/2020,Leitrim,Connacht,32044,13,0
1585872000000,03/04/2020,Limerick,Munster,194899,128,12
1585872000000,03/04/2020,Longford,Leinster,40873,17,0
1585872000000,03/04/2020,Louth,Leinster,128884,64,9
1585872000000,03/04/2020,Mayo,Connacht,130507,78,15
1585872000000,03/04/2020,Meath,Leinster,195044,106,13
1585872000000,03/04/2020,Monaghan,Ulster,61386,23,3
1585872000000,03/04/2020,Offaly,Leinster,77961,64,1
1585872000000,03/04/2020,Roscommon,Connacht,64544,15,2
1585872000000,03/04/2020,Sligo,Connacht,65535,28,1
1585872000000,03/04/2020,Tipperary,Munster,159553,118,13
1585872000000,03/04/2020,Waterford,Munster,116176,46,3
1585872000000,03/04/2020,Westmeath,Leinster,88770,94,2
1585872000000,03/04/2020,Wexford,Leinster,149722,21,1
1585872000000,03/04/2020,Wicklow,Leinster,142425,132,20
1585958400000,04/04/2020,Carlow,Leinster,56932,12,0
1585958400000,04/04/2020,Cavan,Ulster,76176,115,39
1585958400000,04/04/2020,Clare,Munster,118817,60,6
1585958400000,04/04/2020,Cork,Munster,542868,362,19
1585958400000,04/04/2020,Donegal,Ulster,159192,103,22
1585958400000,04/04/2020,Dublin,Leinster,1347359,2692,202
1585958400000,04/04/2020,Galway,Connacht,258058,112,4
1585958400000,04/04/2020,Kerry,Munster,147707,89,4
1585958400000,04/04/2020,Kildare,Leinster,222504,175,23
1585958400000,04/04/2020,Kilkenny,Leinster,99232,75,2
1585958400000,04/04/2020,Laois,Leinster,84697,25,3
1585958400000,04/04/2020,Leitrim,Connacht,32044,14,1
1585958400000,04/04/2020,Limerick,Munster,194899,140,12
1585958400000,04/04/2020,Longford,Leinster,40873,21,4
1585958400000,04/04/2020,Louth,Leinster,128884,65,1
1585958400000,04/04/2020,Mayo,Connacht,130507,107,29
1585958400000,04/04/2020,Meath,Leinster,195044,141,35
1585958400000,04/04/2020,Monaghan,Ulster,61386,52,29
1585958400000,04/04/2020,Offaly,Leinster,77961,66,2
1585958400000,04/04/2020,Roscommon,Connacht,64544,18,3
1585958400000,04/04/2020,Sligo,Connacht,65535,28,0
1585958400000,04/04/2020,Tipperary,Munster,159553,125,7
1585958400000,04/04/2020,Waterford,Munster,116176,49,3
1585958400000,04/04/2020,Westmeath,Leinster,88770,107,13
1585958400000,04/04/2020,Wexford,Leinster,149722,21,0
1585958400000,04/04/2020,Wicklow,Leinster,142425,142,10
1586044800000,05/04/2020,Carlow,Leinster,56932,12,0
1586044800000,05/04/2020,Cavan,Ulster,76176,123,8
1586044800000,05/04/2020,Clare,Munster,118817,65,5
1586044800000,05/04/2020,Cork,Munster,542868,421,59
1586044800000,05/04/2020,Donegal,Ulster,159192,114,11
1586044800000,05/04/2020,Dublin,Leinster,1347359,3061,369
1586044800000,05/04/2020,Galway,Connacht,258058,128,16
1586044800000,05/04/2020,Kerry,Munster,147707,117,28
1586044800000,05/04/2020,Kildare,Leinster,222504,200,25
1586044800000,05/04/2020,Kilkenny,Leinster,99232,79,4
1586044800000,05/04/2020,Laois,Leinster,84697,31,6
1586044800000,05/04/2020,Leitrim,Connacht,32044,18,4
1586044800000,05/04/2020,Limerick,Munster,194899,143,3
1586044800000,05/04/2020,Longford,Leinster,40873,25,4
1586044800000,05/04/2020,Louth,Leinster,128884,85,20
1586044800000,05/04/2020,Mayo,Connacht,130507,126,19
1586044800000,05/04/2020,Meath,Leinster,195044,168,27
1586044800000,05/04/2020,Monaghan,Ulster,61386,58,6
1586044800000,05/04/2020,Offaly,Leinster,77961,73,7
1586044800000,05/04/2020,Roscommon,Connacht,64544,22,4
1586044800000,05/04/2020,Sligo,Connacht,65535,28,0
1586044800000,05/04/2020,Tipperary,Munster,159553,133,8
1586044800000,05/04/2020,Waterford,Munster,116176,49,0
1586044800000,05/04/2020,Westmeath,Leinster,88770,121,14
1586044800000,05/04/2020,Wexford,Leinster,149722,22,1
1586044800000,05/04/2020,Wicklow,Leinster,142425,171,29
1586131200000,06/04/2020,Carlow,Leinster,56932,15,3
1586131200000,06/04/2020,Cavan,Ulster,76176,129,6
1586131200000,06/04/2020,Clare,Munster,118817,66,1
1586131200000,06/04/2020,Cork,Munster,542868,431,10
1586131200000,06/04/2020,Donegal,Ulster,159192,120,6
1586131200000,06/04/2020,Dublin,Leinster,1347359,3268,207
1586131200000,06/04/2020,Galway,Connacht,258058,134,6
1586131200000,06/04/2020,Kerry,Munster,147707,122,5
1586131200000,06/04/2020,Kildare,Leinster,222504,233,33
1586131200000,06/04/2020,Kilkenny,Leinster,99232,88,9
1586131200000,06/04/2020,Laois,Leinster,84697,34,3
1586131200000,06/04/2020,Leitrim,Connacht,32044,20,2
1586131200000,06/04/2020,Limerick,Munster,194899,160,17
1586131200000,06/04/2020,Longford,Leinster,40873,35,10
1586131200000,06/04/2020,Louth,Leinster,128884,96,11
1586131200000,06/04/2020,Mayo,Connacht,130507,130,4
1586131200000,06/04/2020,Meath,Leinster,195044,183,15
1586131200000,06/04/2020,Monaghan,Ulster,61386,62,4
1586131200000,06/04/2020,Offaly,Leinster,77961,77,4
1586131200000,06/04/2020,Roscommon,Connacht,64544,22,0
1586131200000,06/04/2020,Sligo,Connacht,65535,28,0
1586131200000,06/04/2020,Tipperary,Munster,159553,137,4
1586131200000,06/04/2020,Waterford,Munster,116176,52,3
1586131200000,06/04/2020,Westmeath,Leinster,88770,134,13
1586131200000,06/04/2020,Wexford,Leinster,149722,24,2
1586131200000,06/04/2020,Wicklow,Leinster,142425,181,10
1586217600000,07/04/2020,Carlow,Leinster,56932,16,1
1586217600000,07/04/2020,Cavan,Ulster,76176,132,3
1586217600000,07/04/2020,Clare,Munster,118817,68,2
1586217600000,07/04/2020,Cork,Munster,542868,472,41
1586217600000,07/04/2020,Donegal,Ulster,159192,125,5
1586217600000,07/04/2020,Dublin,Leinster,1347359,3557,289
1586217600000,07/04/2020,Galway,Connacht,258058,134,0
1586217600000,07/04/2020,Kerry,Munster,147707,125,3
1586217600000,07/04/2020,Kildare,Leinster,222504,253,20
1586217600000,07/04/2020,Kilkenny,Leinster,99232,90,2
1586217600000,07/04/2020,Laois,Leinster,84697,37,3
1586217600000,07/04/2020,Leitrim,Connacht,32044,23,3
1586217600000,07/04/2020,Limerick,Munster,194899,173,13
1586217600000,07/04/2020,Longford,Leinster,40873,36,1
1586217600000,07/04/2020,Louth,Leinster,128884,106,10
1586217600000,07/04/2020,Mayo,Connacht,130507,134,4
1586217600000,07/04/2020,Meath,Leinster,195044,198,15
1586217600000,07/04/2020,Monaghan,Ulster,61386,63,1
1586217600000,07/04/2020,Offaly,Leinster,77961,81,4
1586217600000,07/04/2020,Roscommon,Connacht,64544,22,0
1586217600000,07/04/2020,Sligo,Connacht,65535,28,0
1586217600000,07/04/2020,Tipperary,Munster,159553,140,3
1586217600000,07/04/2020,Waterford,Munster,116176,56,4
1586217600000,07/04/2020,Westmeath,Leinster,88770,142,8
1586217600000,07/04/2020,Wexford,Leinster,149722,26,2
1586217600000,07/04/2020,Wicklow,Leinster,142425,207,26
1586304000000,08/04/2020,Carlow,Leinster,56932,19,3
1586304000000,08/04/2020,Cavan,Ulster,76176,151,19
1586304000000,08/04/2020,Clare,Munster,118817,69,1
1586304000000,08/04/2020,Cork,Munster,542868,503,31
1586304000000,08/04/2020,Donegal,Ulster,159192,145,20
1586304000000,08/04/2020,Dublin,Leinster,1347359,3873,316
1586304000000,08/04/2020,Galway,Connacht,258058,160,26
1586304000000,08/04/2020,Kerry,Munster,147707,145,20
1586304000000,08/04/2020,Kildare,Leinster,222504,290,37
1586304000000,08/04/2020,Kilkenny,Leinster,99232,96,6
1586304000000,08/04/2020,Laois,Leinster,84697,49,12
1586304000000,08/04/2020,Leitrim,Connacht,32044,25,2
1586304000000,08/04/2020,Limerick,Munster,194899,186,13
1586304000000,08/04/2020,Longford,Leinster,40873,41,5
1586304000000,08/04/2020,Louth,Leinster,128884,116,10
1586304000000,08/04/2020,Mayo,Connacht,130507,153,19
1586304000000,08/04/2020,Meath,Leinster,195044,206,8
1586304000000,08/04/2020,Monaghan,Ulster,61386,69,6
1586304000000,08/04/2020,Offaly,Leinster,77961,88,7
1586304000000,08/04/2020,Roscommon,Connacht,64544,26,4
1586304000000,08/04/2020,Sligo,Connacht,65535,31,3
1586304000000,08/04/2020,Tipperary,Munster,159553,151,11
1586304000000,08/04/2020,Waterford,Munster,116176,60,4
1586304000000,08/04/2020,Westmeath,Leinster,88770,152,10
1586304000000,08/04/2020,Wexford,Leinster,149722,30,4
1586304000000,08/04/2020,Wicklow,Leinster,142425,237,30
1586390400000,09/04/2020,Carlow,Leinster,56932,22,3
1586390400000,09/04/2020,Cavan,Ulster,76176,169,18
1586390400000,09/04/2020,Clare,Munster,118817,85,16
1586390400000,09/04/2020,Cork,Munster,542868,581,78
1586390400000,09/04/2020,Donegal,Ulster,159192,167,22
1586390400000,09/04/2020,Dublin,Leinster,1347359,4156,283
1586390400000,09/04/2020,Galway,Connacht,258058,169,9
1586390400000,09/04/2020,Kerry,Munster,147707,155,10
1586390400000,09/04/2020,Kildare,Leinster,222504,332,42
1586390400000,09/04/2020,Kilkenny,Leinster,99232,115,19
1586390400000,09/04/2020,Laois,Leinster,84697,61,12
1586390400000,09/04/2020,Leitrim,Connacht,32044,31,6
1586390400000,09/04/2020,Limerick,Munster,194899,222,36
1586390400000,09/04/2020,Longford,Leinster,40873,45,4
1586390400000,09/04/2020,Louth,Leinster,128884,133,17
1586390400000,09/04/2020,Mayo,Connacht,130507,168,15
1586390400000,09/04/2020,Meath,Leinster,195044,230,24
1586390400000,09/04/2020,Monaghan,Ulster,61386,81,12
1586390400000,09/04/2020,Offaly,Leinster,77961,104,16
1586390400000,09/04/2020,Roscommon,Connacht,64544,27,1
1586390400000,09/04/2020,Sligo,Connacht,65535,39,8
1586390400000,09/04/2020,Tipperary,Munster,159553,166,15
1586390400000,09/04/2020,Waterford,Munster,116176,63,3
1586390400000,09/04/2020,Westmeath,Leinster,88770,181,29
1586390400000,09/04/2020,Wexford,Leinster,149722,39,9
1586390400000,09/04/2020,Wicklow,Leinster,142425,246,9
1586476800000,10/04/2020,Carlow,Leinster,56932,32,10
1586476800000,10/04/2020,Cavan,Ulster,76176,210,41
1586476800000,10/04/2020,Clare,Munster,118817,88,3
1586476800000,10/04/2020,Cork,Munster,542868,648,67
1586476800000,10/04/2020,Donegal,Ulster,159192,188,21
1586476800000,10/04/2020,Dublin,Leinster,1347359,4514,358
1586476800000,10/04/2020,Galway,Connacht,258058,178,9
1586476800000,10/04/2020,Kerry,Munster,147707,170,15
1586476800000,10/04/2020,Kildare,Leinster,222504,360,28
1586476800000,10/04/2020,Kilkenny,Leinster,99232,124,9
1586476800000,10/04/2020,Laois,Leinster,84697,71,10
1586476800000,10/04/2020,Leitrim,Connacht,32044,32,1
1586476800000,10/04/2020,Limerick,Munster,194899,234,12
1586476800000,10/04/2020,Longford,Leinster,40873,49,4
1586476800000,10/04/2020,Louth,Leinster,128884,143,10
1586476800000,10/04/2020,Mayo,Connacht,130507,183,15
1586476800000,10/04/2020,Meath,Leinster,195044,249,19
1586476800000,10/04/2020,Monaghan,Ulster,61386,88,7
1586476800000,10/04/2020,Offaly,Leinster,77961,119,15
1586476800000,10/04/2020,Roscommon,Connacht,64544,31,4
1586476800000,10/04/2020,Sligo,Connacht,65535,45,6
1586476800000,10/04/2020,Tipperary,Munster,159553,175,9
1586476800000,10/04/2020,Waterford,Munster,116176,67,4
1586476800000,10/04/2020,Westmeath,Leinster,88770,192,11
1586476800000,10/04/2020,Wexford,Leinster,149722,43,4
1586476800000,10/04/2020,Wicklow,Leinster,142425,263,17
1586563200000,11/04/2020,Carlow,Leinster,56932,38,6
1586563200000,11/04/2020,Cavan,Ulster,76176,222,12
1586563200000,11/04/2020,Clare,Munster,118817,98,10
1586563200000,11/04/2020,Cork,Munster,542868,730,82
1586563200000,11/04/2020,Donegal,Ulster,159192,225,37
1586563200000,11/04/2020,Dublin,Leinster,1347359,5006,492
1586563200000,11/04/2020,Galway,Connacht,258058,197,19
1586563200000,11/04/2020,Kerry,Munster,147707,200,30
1586563200000,11/04/2020,Kildare,Leinster,222504,404,44
1586563200000,11/04/2020,Kilkenny,Leinster,99232,136,12
1586563200000,11/04/2020,Laois,Leinster,84697,88,17
1586563200000,11/04/2020,Leitrim,Connacht,32044,32,0
1586563200000,11/04/2020,Limerick,Munster,194899,252,18
1586563200000,11/04/2020,Longford,Leinster,40873,56,7
1586563200000,11/04/2020,Louth,Leinster,128884,195,52
1586563200000,11/04/2020,Mayo,Connacht,130507,194,11
1586563200000,11/04/2020,Meath,Leinster,195044,289,40
1586563200000,11/04/2020,Monaghan,Ulster,61386,95,7
1586563200000,11/04/2020,Offaly,Leinster,77961,133,14
1586563200000,11/04/2020,Roscommon,Connacht,64544,39,8
1586563200000,11/04/2020,Sligo,Connacht,65535,45,0
1586563200000,11/04/2020,Tipperary,Munster,159553,200,25
1586563200000,11/04/2020,Waterford,Munster,116176,73,6
1586563200000,11/04/2020,Westmeath,Leinster,88770,213,21
1586563200000,11/04/2020,Wexford,Leinster,149722,52,9
1586563200000,11/04/2020,Wicklow,Leinster,142425,272,9
1586649600000,12/04/2020,Carlow,Leinster,56932,44,6
1586649600000,12/04/2020,Cavan,Ulster,76176,245,23
1586649600000,12/04/2020,Clare,Munster,118817,106,8
1586649600000,12/04/2020,Cork,Munster,542868,780,50
1586649600000,12/04/2020,Donegal,Ulster,159192,264,39
1586649600000,12/04/2020,Dublin,Leinster,1347359,5438,432
1586649600000,12/04/2020,Galway,Connacht,258058,220,23
1586649600000,12/04/2020,Kerry,Munster,147707,219,19
1586649600000,12/04/2020,Kildare,Leinster,222504,443,39
1586649600000,12/04/2020,Kilkenny,Leinster,99232,144,8
1586649600000,12/04/2020,Laois,Leinster,84697,101,13
1586649600000,12/04/2020,Leitrim,Connacht,32044,36,4
1586649600000,12/04/2020,Limerick,Munster,194899,265,13
1586649600000,12/04/2020,Longford,Leinster,40873,58,2
1586649600000,12/04/2020,Louth,Leinster,128884,208,13
1586649600000,12/04/2020,Mayo,Connacht,130507,198,4
1586649600000,12/04/2020,Meath,Leinster,195044,342,53
1586649600000,12/04/2020,Monaghan,Ulster,61386,123,28
1586649600000,12/04/2020,Offaly,Leinster,77961,144,11
1586649600000,12/04/2020,Roscommon,Connacht,64544,48,9
1586649600000,12/04/2020,Sligo,Connacht,65535,52,7
1586649600000,12/04/2020,Tipperary,Munster,159553,219,19
1586649600000,12/04/2020,Waterford,Munster,116176,81,8
1586649600000,12/04/2020,Westmeath,Leinster,88770,234,21
1586649600000,12/04/2020,Wexford,Leinster,149722,56,4
1586649600000,12/04/2020,Wicklow,Leinster,142425,317,45
1586736000000,13/04/2020,Carlow,Leinster,56932,53,9
1586736000000,13/04/2020,Cavan,Ulster,76176,254,9
1586736000000,13/04/2020,Clare,Munster,118817,113,7
1586736000000,13/04/2020,Cork,Munster,542868,829,49
1586736000000,13/04/2020,Donegal,Ulster,159192,296,32
1586736000000,13/04/2020,Dublin,Leinster,1347359,5850,412
1586736000000,13/04/2020,Galway,Connacht,258058,237,17
1586736000000,13/04/2020,Kerry,Munster,147707,226,7
1586736000000,13/04/2020,Kildare,Leinster,222504,509,66
1586736000000,13/04/2020,Kilkenny,Leinster,99232,164,20
1586736000000,13/04/2020,Laois,Leinster,84697,118,17
1586736000000,13/04/2020,Leitrim,Connacht,32044,40,4
1586736000000,13/04/2020,Limerick,Munster,194899,285,20
1586736000000,13/04/2020,Longford,Leinster,40873,69,11
1586736000000,13/04/2020,Louth,Leinster,128884,236,28
1586736000000,13/04/2020,Mayo,Connacht,130507,216,18
1586736000000,13/04/2020,Meath,Leinster,195044,369,27
1586736000000,13/04/2020,Monaghan,Ulster,61386,147,24
1586736000000,13/04/2020,Offaly,Leinster,77961,150,6
1586736000000,13/04/2020,Roscommon,Connacht,64544,50,2
1586736000000,13/04/2020,Sligo,Connacht,65535,62,10
1586736000000,13/04/2020,Tipperary,Munster,159553,237,18
1586736000000,13/04/2020,Waterford,Munster,116176,90,9
1586736000000,13/04/2020,Westmeath,Leinster,88770,258,24
1586736000000,13/04/2020,Wexford,Leinster,149722,61,5
1586736000000,13/04/2020,Wicklow,Leinster,142425,342,25
1586822400000,14/04/2020,Carlow,Leinster,56932,59,6
1586822400000,14/04/2020,Cavan,Ulster,76176,310,56
1586822400000,14/04/2020,Clare,Munster,118817,119,6
1586822400000,14/04/2020,Cork,Munster,542868,916,87
1586822400000,14/04/2020,Donegal,Ulster,159192,320,24
1586822400000,14/04/2020,Dublin,Leinster,1347359,6337,487
1586822400000,14/04/2020,Galway,Connacht,258058,260,23
1586822400000,14/04/2020,Kerry,Munster,147707,246,20
1586822400000,14/04/2020,Kildare,Leinster,222504,567,58
1586822400000,14/04/2020,Kilkenny,Leinster,99232,173,9
1586822400000,14/04/2020,Laois,Leinster,84697,133,15
1586822400000,14/04/2020,Leitrim,Connacht,32044,43,3
1586822400000,14/04/2020,Limerick,Munster,194899,307,22
1586822400000,14/04/2020,Longford,Leinster,40873,77,8
1586822400000,14/04/2020,Louth,Leinster,128884,350,114
1586822400000,14/04/2020,Mayo,Connacht,130507,249,33
1586822400000,14/04/2020,Meath,Leinster,195044,405,36
1586822400000,14/04/2020,Monaghan,Ulster,61386,161,14
1586822400000,14/04/2020,Offaly,Leinster,77961,163,13
1586822400000,14/04/2020,Roscommon,Connacht,64544,57,7
1586822400000,14/04/2020,Sligo,Connacht,65535,66,4
1586822400000,14/04/2020,Tipperary,Munster,159553,251,14
1586822400000,14/04/2020,Waterford,Munster,116176,101,11
1586822400000,14/04/2020,Westmeath,Leinster,88770,309,51
1586822400000,14/04/2020,Wexford,Leinster,149722,71,10
1586822400000,14/04/2020,Wicklow,Leinster,142425,375,33
1586908800000,15/04/2020,Carlow,Leinster,56932,59,0
1586908800000,15/04/2020,Cavan,Ulster,76176,345,35
1586908800000,15/04/2020,Clare,Munster,118817,136,17
1586908800000,15/04/2020,Cork,Munster,542868,945,29
1586908800000,15/04/2020,Donegal,Ulster,159192,352,32
1586908800000,15/04/2020,Dublin,Leinster,1347359,6567,230
1586908800000,15/04/2020,Galway,Connacht,258058,266,6
1586908800000,15/04/2020,Kerry,Munster,147707,254,8
1586908800000,15/04/2020,Kildare,Leinster,222504,621,54
1586908800000,15/04/2020,Kilkenny,Leinster,99232,179,6
1586908800000,15/04/2020,Laois,Leinster,84697,139,6
1586908800000,15/04/2020,Leitrim,Connacht,32044,46,3
1586908800000,15/04/2020,Limerick,Munster,194899,343,36
1586908800000,15/04/2020,Longford,Leinster,40873,79,2
1586908800000,15/04/2020,Louth,Leinster,128884,384,34
1586908800000,15/04/2020,Mayo,Connacht,130507,259,10
1586908800000,15/04/2020,Meath,Leinster,195044,421,16
1586908800000,15/04/2020,Monaghan,Ulster,61386,166,5
1586908800000,15/04/2020,Offaly,Leinster,77961,171,8
1586908800000,15/04/2020,Roscommon,Connacht,64544,61,4
1586908800000,15/04/2020,Sligo,Connacht,65535,69,3
1586908800000,15/04/2020,Tipperary,Munster,159553,270,19
1586908800000,15/04/2020,Waterford,Munster,116176,102,1
1586908800000,15/04/2020,Westmeath,Leinster,88770,318,9
1586908800000,15/04/2020,Wexford,Leinster,149722,76,5
1586908800000,15/04/2020,Wicklow,Leinster,142425,384,9
1586995200000,16/04/2020,Carlow,Leinster,56932,69,10
1586995200000,16/04/2020,Cavan,Ulster,76176,353,8
1586995200000,16/04/2020,Clare,Munster,118817,151,15
1586995200000,16/04/2020,Cork,Munster,542868,979,34
1586995200000,16/04/2020,Donegal,Ulster,159192,369,17
1586995200000,16/04/2020,Dublin,Leinster,1347359,6934,367
1586995200000,16/04/2020,Galway,Connacht,258058,273,7
1586995200000,16/04/2020,Kerry,Munster,147707,256,2
1586995200000,16/04/2020,Kildare,Leinster,222504,684,63
1586995200000,16/04/2020,Kilkenny,Leinster,99232,188,9
1586995200000,16/04/2020,Laois,Leinster,84697,147,8
1586995200000,16/04/2020,Leitrim,Connacht,32044,46,0
1586995200000,16/04/2020,Limerick,Munster,194899,382,39
1586995200000,16/04/2020,Longford,Leinster,40873,83,4
1586995200000,16/04/2020,Louth,Leinster,128884,406,22
1586995200000,16/04/2020,Mayo,Connacht,130507,273,14
1586995200000,16/04/2020,Meath,Leinster,195044,461,40
1586995200000,16/04/2020,Monaghan,Ulster,61386,170,4
1586995200000,16/04/2020,Offaly,Leinster,77961,177,6
1586995200000,16/04/2020,Roscommon,Connacht,64544,74,13
1586995200000,16/04/2020,Sligo,Connacht,65535,70,1
1586995200000,16/04/2020,Tipperary,Munster,159553,283,13
1586995200000,16/04/2020,Waterford,Munster,116176,110,8
1586995200000,16/04/2020,Westmeath,Leinster,88770,332,14
1586995200000,16/04/2020,Wexford,Leinster,149722,85,9
1586995200000,16/04/2020,Wicklow,Leinster,142425,391,7
1587081600000,17/04/2020,Carlow,Leinster,56932,71,2
1587081600000,17/04/2020,Cavan,Ulster,76176,386,33
1587081600000,17/04/2020,Clare,Munster,118817,153,2
1587081600000,17/04/2020,Cork,Munster,542868,1028,49
1587081600000,17/04/2020,Donegal,Ulster,159192,376,7
1587081600000,17/04/2020,Dublin,Leinster,1347359,7379,445
1587081600000,17/04/2020,Galway,Connacht,258058,283,10
1587081600000,17/04/2020,Kerry,Munster,147707,262,6
1587081600000,17/04/2020,Kildare,Leinster,222504,763,79
1587081600000,17/04/2020,Kilkenny,Leinster,99232,197,9
1587081600000,17/04/2020,Laois,Leinster,84697,168,21
1587081600000,17/04/2020,Leitrim,Connacht,32044,47,1
1587081600000,17/04/2020,Limerick,Munster,194899,384,2
1587081600000,17/04/2020,Longford,Leinster,40873,88,5
1587081600000,17/04/2020,Louth,Leinster,128884,405,-1
1587081600000,17/04/2020,Mayo,Connacht,130507,312,39
1587081600000,17/04/2020,Meath,Leinster,195044,500,39
1587081600000,17/04/2020,Monaghan,Ulster,61386,174,4
1587081600000,17/04/2020,Offaly,Leinster,77961,187,10
1587081600000,17/04/2020,Roscommon,Connacht,64544,76,2
1587081600000,17/04/2020,Sligo,Connacht,65535,76,6
1587081600000,17/04/2020,Tipperary,Munster,159553,292,9
1587081600000,17/04/2020,Waterford,Munster,116176,112,2
1587081600000,17/04/2020,Westmeath,Leinster,88770,358,26
1587081600000,17/04/2020,Wexford,Leinster,149722,98,13
1587081600000,17/04/2020,Wicklow,Leinster,142425,437,46
1587168000000,18/04/2020,Carlow,Leinster,56932,78,7
1587168000000,18/04/2020,Cavan,Ulster,76176,401,15
1587168000000,18/04/2020,Clare,Munster,118817,160,7
1587168000000,18/04/2020,Cork,Munster,542868,1047,19
1587168000000,18/04/2020,Donegal,Ulster,159192,383,7
1587168000000,18/04/2020,Dublin,Leinster,1347359,7666,287
1587168000000,18/04/2020,Galway,Connacht,258058,294,11
1587168000000,18/04/2020,Kerry,Munster,147707,268,6
1587168000000,18/04/2020,Kildare,Leinster,222504,817,54
1587168000000,18/04/2020,Kilkenny,Leinster,99232,206,9
1587168000000,18/04/2020,Laois,Leinster,84697,170,2
1587168000000,18/04/2020,Leitrim,Connacht,32044,49,2
1587168000000,18/04/2020,Limerick,Munster,194899,401,17
1587168000000,18/04/2020,Longford,Leinster,40873,91,3
1587168000000,18/04/2020,Louth,Leinster,128884,437,32
1587168000000,18/04/2020,Mayo,Connacht,130507,332,20
1587168000000,18/04/2020,Meath,Leinster,195044,513,13
1587168000000,18/04/2020,Monaghan,Ulster,61386,187,13
1587168000000,18/04/2020,Offaly,Leinster,77961,190,3
1587168000000,18/04/2020,Roscommon,Connacht,64544,91,15
1587168000000,18/04/2020,Sligo,Connacht,65535,78,2
1587168000000,18/04/2020,Tipperary,Munster,159553,300,8
1587168000000,18/04/2020,Waterford,Munster,116176,113,1
1587168000000,18/04/2020,Westmeath,Leinster,88770,369,11
1587168000000,18/04/2020,Wexford,Leinster,149722,100,2
1587168000000,18/04/2020,Wicklow,Leinster,142425,444,7
1587254400000,19/04/2020,Carlow,Leinster,56932,79,1
1587254400000,19/04/2020,Cavan,Ulster,76176,403,2
1587254400000,19/04/2020,Clare,Munster,118817,164,4
1587254400000,19/04/2020,Cork,Munster,542868,1053,6
1587254400000,19/04/2020,Donegal,Ulster,159192,392,9
1587254400000,19/04/2020,Dublin,Leinster,1347359,7781,115
1587254400000,19/04/2020,Galway,Connacht,258058,294,0
1587254400000,19/04/2020,Kerry,Munster,147707,268,0
1587254400000,19/04/2020,Kildare,Leinster,222504,822,5
1587254400000,19/04/2020,Kilkenny,Leinster,99232,210,4
1587254400000,19/04/2020,Laois,Leinster,84697,177,7
1587254400000,19/04/2020,Leitrim,Connacht,32044,54,5
1587254400000,19/04/2020,Limerick,Munster,194899,409,8
1587254400000,19/04/2020,Longford,Leinster,40873,94,3
1587254400000,19/04/2020,Louth,Leinster,128884,469,32
1587254400000,19/04/2020,Mayo,Connacht,130507,335,3
1587254400000,19/04/2020,Meath,Leinster,195044,522,9
1587254400000,19/04/2020,Monaghan,Ulster,61386,199,12
1587254400000,19/04/2020,Offaly,Leinster,77961,195,5
1587254400000,19/04/2020,Roscommon,Connacht,64544,91,0
1587254400000,19/04/2020,Sligo,Connacht,65535,93,15
1587254400000,19/04/2020,Tipperary,Munster,159553,306,6
1587254400000,19/04/2020,Waterford,Munster,116176,117,4
1587254400000,19/04/2020,Westmeath,Leinster,88770,377,8
1587254400000,19/04/2020,Wexford,Leinster,149722,114,14
1587254400000,19/04/2020,Wicklow,Leinster,142425,446,2
1587340800000,20/04/2020,Carlow,Leinster,56932,80,1
1587340800000,20/04/2020,Cavan,Ulster,76176,430,27
1587340800000,20/04/2020,Clare,Munster,118817,165,1
1587340800000,20/04/2020,Cork,Munster,542868,1077,24
1587340800000,20/04/2020,Donegal,Ulster,159192,416,24
1587340800000,20/04/2020,Dublin,Leinster,1347359,7905,124
1587340800000,20/04/2020,Galway,Connacht,258058,309,15
1587340800000,20/04/2020,Kerry,Munster,147707,268,0
1587340800000,20/04/2020,Kildare,Leinster,222504,851,29
1587340800000,20/04/2020,Kilkenny,Leinster,99232,216,6
1587340800000,20/04/2020,Laois,Leinster,84697,185,8
1587340800000,20/04/2020,Leitrim,Connacht,32044,55,1
1587340800000,20/04/2020,Limerick,Munster,194899,415,6
1587340800000,20/04/2020,Longford,Leinster,40873,101,7
1587340800000,20/04/2020,Louth,Leinster,128884,489,20
1587340800000,20/04/2020,Mayo,Connacht,130507,339,4
1587340800000,20/04/2020,Meath,Leinster,195044,539,17
1587340800000,20/04/2020,Monaghan,Ulster,61386,220,21
1587340800000,20/04/2020,Offaly,Leinster,77961,198,3
1587340800000,20/04/2020,Roscommon,Connacht,64544,91,0
1587340800000,20/04/2020,Sligo,Connacht,65535,97,4
1587340800000,20/04/2020,Tipperary,Munster,159553,320,14
1587340800000,20/04/2020,Waterford,Munster,116176,119,2
1587340800000,20/04/2020,Westmeath,Leinster,88770,386,9
1587340800000,20/04/2020,Wexford,Leinster,149722,137,23
1587340800000,20/04/2020,Wicklow,Leinster,142425,463,17
1587427200000,21/04/2020,Carlow,Leinster,56932,84,4
1587427200000,21/04/2020,Cavan,Ulster,76176,466,36
1587427200000,21/04/2020,Clare,Munster,118817,187,22
1587427200000,21/04/2020,Cork,Munster,542868,1087,10
1587427200000,21/04/2020,Donegal,Ulster,159192,431,15
1587427200000,21/04/2020,Dublin,Leinster,1347359,8216,311
1587427200000,21/04/2020,Galway,Connacht,258058,315,6
1587427200000,21/04/2020,Kerry,Munster,147707,271,3
1587427200000,21/04/2020,Kildare,Leinster,222504,875,24
1587427200000,21/04/2020,Kilkenny,Leinster,99232,222,6
1587427200000,21/04/2020,Laois,Leinster,84697,192,7
1587427200000,21/04/2020,Leitrim,Connacht,32044,56,1
1587427200000,21/04/2020,Limerick,Munster,194899,420,5
1587427200000,21/04/2020,Longford,Leinster,40873,102,1
1587427200000,21/04/2020,Louth,Leinster,128884,506,17
1587427200000,21/04/2020,Mayo,Connacht,130507,365,26
1587427200000,21/04/2020,Meath,Leinster,195044,550,11
1587427200000,21/04/2020,Monaghan,Ulster,61386,249,29
1587427200000,21/04/2020,Offaly,Leinster,77961,205,7
1587427200000,21/04/2020,Roscommon,Connacht,64544,92,1
1587427200000,21/04/2020,Sligo,Connacht,65535,98,1
1587427200000,21/04/2020,Tipperary,Munster,159553,327,7
1587427200000,21/04/2020,Waterford,Munster,116176,122,3
1587427200000,21/04/2020,Westmeath,Leinster,88770,395,9
1587427200000,21/04/2020,Wexford,Leinster,149722,137,0
1587427200000,21/04/2020,Wicklow,Leinster,142425,469,6
1587513600000,22/04/2020,Carlow,Leinster,56932,86,2
1587513600000,22/04/2020,Cavan,Ulster,76176,506,40
1587513600000,22/04/2020,Clare,Munster,118817,206,19
1587513600000,22/04/2020,Cork,Munster,542868,1096,9
1587513600000,22/04/2020,Donegal,Ulster,159192,440,9
1587513600000,22/04/2020,Dublin,Leinster,1347359,8729,513
1587513600000,22/04/2020,Galway,Connacht,258058,331,16
1587513600000,22/04/2020,Kerry,Munster,147707,271,0
1587513600000,22/04/2020,Kildare,Leinster,222504,954,79
1587513600000,22/04/2020,Kilkenny,Leinster,99232,227,5
1587513600000,22/04/2020,Laois,Leinster,84697,202,10
1587513600000,22/04/2020,Leitrim,Connacht,32044,62,6
1587513600000,22/04/2020,Limerick,Munster,194899,439,19
1587513600000,22/04/2020,Longford,Leinster,40873,102,0
1587513600000,22/04/2020,Louth,Leinster,128884,536,30
1587513600000,22/04/2020,Mayo,Connacht,130507,391,26
1587513600000,22/04/2020,Meath,Leinster,195044,568,18
1587513600000,22/04/2020,Monaghan,Ulster,61386,318,69
1587513600000,22/04/2020,Offaly,Leinster,77961,217,12
1587513600000,22/04/2020,Roscommon,Connacht,64544,111,19
1587513600000,22/04/2020,Sligo,Connacht,65535,105,7
1587513600000,22/04/2020,Tipperary,Munster,159553,343,16
1587513600000,22/04/2020,Waterford,Munster,116176,122,0
1587513600000,22/04/2020,Westmeath,Leinster,88770,409,14
1587513600000,22/04/2020,Wexford,Leinster,149722,143,6
1587513600000,22/04/2020,Wicklow,Leinster,142425,506,37
1587600000000,23/04/2020,Carlow,Leinster,56932,88,2
1587600000000,23/04/2020,Cavan,Ulster,76176,536,30
1587600000000,23/04/2020,Clare,Munster,118817,207,1
1587600000000,23/04/2020,Cork,Munster,542868,1103,7
1587600000000,23/04/2020,Donegal,Ulster,159192,437,-3
1587600000000,23/04/2020,Dublin,Leinster,1347359,9010,281
1587600000000,23/04/2020,Galway,Connacht,258058,332,1
1587600000000,23/04/2020,Kerry,Munster,147707,276,5
1587600000000,23/04/2020,Kildare,Leinster,222504,1003,49
1587600000000,23/04/2020,Kilkenny,Leinster,99232,229,2
1587600000000,23/04/2020,Laois,Leinster,84697,204,2
1587600000000,23/04/2020,Leitrim,Connacht,32044,62,0
1587600000000,23/04/2020,Limerick,Munster,194899,441,2
1587600000000,23/04/2020,Longford,Leinster,40873,113,11
1587600000000,23/04/2020,Louth,Leinster,128884,590,54
1587600000000,23/04/2020,Mayo,Connacht,130507,395,4
1587600000000,23/04/2020,Meath,Leinster,195044,578,10
1587600000000,23/04/2020,Monaghan,Ulster,61386,327,9
1587600000000,23/04/2020,Offaly,Leinster,77961,222,5
1587600000000,23/04/2020,Roscommon,Connacht,64544,114,3
1587600000000,23/04/2020,Sligo,Connacht,65535,104,-1
1587600000000,23/04/2020,Tipperary,Munster,159553,345,2
1587600000000,23/04/2020,Waterford,Munster,116176,129,7
1587600000000,23/04/2020,Westmeath,Leinster,88770,421,12
1587600000000,23/04/2020,Wexford,Leinster,149722,151,8
1587600000000,23/04/2020,Wicklow,Leinster,142425,558,52
1587686400000,24/04/2020,Carlow,Leinster,56932,91,3
1587686400000,24/04/2020,Cavan,Ulster,76176,574,38
1587686400000,24/04/2020,Clare,Munster,118817,209,2
1587686400000,24/04/2020,Cork,Munster,542868,1110,7
1587686400000,24/04/2020,Donegal,Ulster,159192,446,9
1587686400000,24/04/2020,Dublin,Leinster,1347359,9224,214
1587686400000,24/04/2020,Galway,Connacht,258058,332,0
1587686400000,24/04/2020,Kerry,Munster,147707,277,1
1587686400000,24/04/2020,Kildare,Leinster,222504,1028,25
1587686400000,24/04/2020,Kilkenny,Leinster,99232,230,1
1587686400000,24/04/2020,Laois,Leinster,84697,205,1
1587686400000,24/04/2020,Leitrim,Connacht,32044,64,2
1587686400000,24/04/2020,Limerick,Munster,194899,442,1
1587686400000,24/04/2020,Longford,Leinster,40873,124,11
1587686400000,24/04/2020,Louth,Leinster,128884,597,7
1587686400000,24/04/2020,Mayo,Connacht,130507,435,40
1587686400000,24/04/2020,Meath,Leinster,195044,613,35
1587686400000,24/04/2020,Monaghan,Ulster,61386,350,23
1587686400000,24/04/2020,Offaly,Leinster,77961,225,3
1587686400000,24/04/2020,Roscommon,Connacht,64544,116,2
1587686400000,24/04/2020,Sligo,Connacht,65535,104,0
1587686400000,24/04/2020,Tipperary,Munster,159553,346,1
1587686400000,24/04/2020,Waterford,Munster,116176,135,6
1587686400000,24/04/2020,Westmeath,Leinster,88770,437,16
1587686400000,24/04/2020,Wexford,Leinster,149722,156,5
1587686400000,24/04/2020,Wicklow,Leinster,142425,561,3
1587772800000,25/04/2020,Carlow,Leinster,56932,92,1
1587772800000,25/04/2020,Cavan,Ulster,76176,609,35
1587772800000,25/04/2020,Clare,Munster,118817,212,3
1587772800000,25/04/2020,Cork,Munster,542868,1125,15
1587772800000,25/04/2020,Donegal,Ulster,159192,452,6
1587772800000,25/04/2020,Dublin,Leinster,1347359,9532,308
1587772800000,25/04/2020,Galway,Connacht,258058,335,3
1587772800000,25/04/2020,Kerry,Munster,147707,288,11
1587772800000,25/04/2020,Kildare,Leinster,222504,1127,99
1587772800000,25/04/2020,Kilkenny,Leinster,99232,233,3
1587772800000,25/04/2020,Laois,Leinster,84697,205,0
1587772800000,25/04/2020,Leitrim,Connacht,32044,66,2
1587772800000,25/04/2020,Limerick,Munster,194899,457,15
1587772800000,25/04/2020,Longford,Leinster,40873,129,5
1587772800000,25/04/2020,Louth,Leinster,128884,627,30
1587772800000,25/04/2020,Mayo,Connacht,130507,464,29
1587772800000,25/04/2020,Meath,Leinster,195044,626,13
1587772800000,25/04/2020,Monaghan,Ulster,61386,373,23
1587772800000,25/04/2020,Offaly,Leinster,77961,228,3
1587772800000,25/04/2020,Roscommon,Connacht,64544,135,19
1587772800000,25/04/2020,Sligo,Connacht,65535,114,10
1587772800000,25/04/2020,Tipperary,Munster,159553,364,18
1587772800000,25/04/2020,Waterford,Munster,116176,137,2
1587772800000,25/04/2020,Westmeath,Leinster,88770,446,9
1587772800000,25/04/2020,Wexford,Leinster,149722,162,6
1587772800000,25/04/2020,Wicklow,Leinster,142425,557,-4
1587859200000,26/04/2020,Carlow,Leinster,56932,93,1
1587859200000,26/04/2020,Cavan,Ulster,76176,627,18
1587859200000,26/04/2020,Clare,Munster,118817,229,17
1587859200000,26/04/2020,Cork,Munster,542868,1126,1
1587859200000,26/04/2020,Donegal,Ulster,159192,453,1
1587859200000,26/04/2020,Dublin,Leinster,1347359,9624,92
1587859200000,26/04/2020,Galway,Connacht,258058,332,-3
1587859200000,26/04/2020,Kerry,Munster,147707,288,0
1587859200000,26/04/2020,Kildare,Leinster,222504,1147,20
1587859200000,26/04/2020,Kilkenny,Leinster,99232,233,0
1587859200000,26/04/2020,Laois,Leinster,84697,212,7
1587859200000,26/04/2020,Leitrim,Connacht,32044,67,1
1587859200000,26/04/2020,Limerick,Munster,194899,518,61
1587859200000,26/04/2020,Longford,Leinster,40873,135,6
1587859200000,26/04/2020,Louth,Leinster,128884,640,13
1587859200000,26/04/2020,Mayo,Connacht,130507,466,2
1587859200000,26/04/2020,Meath,Leinster,195044,638,12
1587859200000,26/04/2020,Monaghan,Ulster,61386,385,12
1587859200000,26/04/2020,Offaly,Leinster,77961,236,8
1587859200000,26/04/2020,Roscommon,Connacht,64544,141,6
1587859200000,26/04/2020,Sligo,Connacht,65535,117,3
1587859200000,26/04/2020,Tipperary,Munster,159553,370,6
1587859200000,26/04/2020,Waterford,Munster,116176,138,1
1587859200000,26/04/2020,Westmeath,Leinster,88770,448,2
1587859200000,26/04/2020,Wexford,Leinster,149722,162,0
1587859200000,26/04/2020,Wicklow,Leinster,142425,558,1
1587945600000,27/04/2020,Carlow,Leinster,56932,95,2
1587945600000,27/04/2020,Cavan,Ulster,76176,634,7
1587945600000,27/04/2020,Clare,Munster,118817,232,3
1587945600000,27/04/2020,Cork,Munster,542868,1136,10
1587945600000,27/04/2020,Donegal,Ulster,159192,454,1
1587945600000,27/04/2020,Dublin,Leinster,1347359,9751,127
1587945600000,27/04/2020,Galway,Connacht,258058,351,19
1587945600000,27/04/2020,Kerry,Munster,147707,292,4
1587945600000,27/04/2020,Kildare,Leinster,222504,1162,15
1587945600000,27/04/2020,Kilkenny,Leinster,99232,236,3
1587945600000,27/04/2020,Laois,Leinster,84697,216,4
1587945600000,27/04/2020,Leitrim,Connacht,32044,67,0
1587945600000,27/04/2020,Limerick,Munster,194899,532,14
1587945600000,27/04/2020,Longford,Leinster,40873,145,10
1587945600000,27/04/2020,Louth,Leinster,128884,652,12
1587945600000,27/04/2020,Mayo,Connacht,130507,478,12
1587945600000,27/04/2020,Meath,Leinster,195044,661,23
1587945600000,27/04/2020,Monaghan,Ulster,61386,388,3
1587945600000,27/04/2020,Offaly,Leinster,77961,264,28
1587945600000,27/04/2020,Roscommon,Connacht,64544,148,7
1587945600000,27/04/2020,Sligo,Connacht,65535,116,-1
1587945600000,27/04/2020,Tipperary,Munster,159553,389,19
1587945600000,27/04/2020,Waterford,Munster,116176,137,-1
1587945600000,27/04/2020,Westmeath,Leinster,88770,461,13
1587945600000,27/04/2020,Wexford,Leinster,149722,162,0
1587945600000,27/04/2020,Wicklow,Leinster,142425,564,6
1588032000000,28/04/2020,Carlow,Leinster,56932,95,0
1588032000000,28/04/2020,Cavan,Ulster,76176,634,0
1588032000000,28/04/2020,Clare,Munster,118817,232,0
1588032000000,28/04/2020,Cork,Munster,542868,1146,10
1588032000000,28/04/2020,Donegal,Ulster,159192,456,2
1588032000000,28/04/2020,Dublin,Leinster,1347359,9967,216
1588032000000,28/04/2020,Galway,Connacht,258058,355,4
1588032000000,28/04/2020,Kerry,Munster,147707,292,0
1588032000000,28/04/2020,Kildare,Leinster,222504,1193,31
1588032000000,28/04/2020,Kilkenny,Leinster,99232,242,6
1588032000000,28/04/2020,Laois,Leinster,84697,218,2
1588032000000,28/04/2020,Leitrim,Connacht,32044,68,1
1588032000000,28/04/2020,Limerick,Munster,194899,535,3
1588032000000,28/04/2020,Longford,Leinster,40873,146,1
1588032000000,28/04/2020,Louth,Leinster,128884,655,3
1588032000000,28/04/2020,Mayo,Connacht,130507,483,5
1588032000000,28/04/2020,Meath,Leinster,195044,671,10
1588032000000,28/04/2020,Monaghan,Ulster,61386,393,5
1588032000000,28/04/2020,Offaly,Leinster,77961,282,18
1588032000000,28/04/2020,Roscommon,Connacht,64544,150,2
1588032000000,28/04/2020,Sligo,Connacht,65535,116,0
1588032000000,28/04/2020,Tipperary,Munster,159553,415,26
1588032000000,28/04/2020,Waterford,Munster,116176,137,0
1588032000000,28/04/2020,Westmeath,Leinster,88770,474,13
1588032000000,28/04/2020,Wexford,Leinster,149722,167,5
1588032000000,28/04/2020,Wicklow,Leinster,142425,589,25
1588118400000,29/04/2020,Carlow,Leinster,56932,100,5
1588118400000,29/04/2020,Cavan,Ulster,76176,644,10
1588118400000,29/04/2020,Clare,Munster,118817,236,4
1588118400000,29/04/2020,Cork,Munster,542868,1154,8
1588118400000,29/04/2020,Donegal,Ulster,159192,458,2
1588118400000,29/04/2020,Dublin,Leinster,1347359,10170,203
1588118400000,29/04/2020,Galway,Connacht,258058,355,0
1588118400000,29/04/2020,Kerry,Munster,147707,293,1
1588118400000,29/04/2020,Kildare,Leinster,222504,1215,22
1588118400000,29/04/2020,Kilkenny,Leinster,99232,250,8
1588118400000,29/04/2020,Laois,Leinster,84697,224,6
1588118400000,29/04/2020,Leitrim,Connacht,32044,68,0
1588118400000,29/04/2020,Limerick,Munster,194899,548,13
1588118400000,29/04/2020,Longford,Leinster,40873,149,3
1588118400000,29/04/2020,Louth,Leinster,128884,659,4
1588118400000,29/04/2020,Mayo,Connacht,130507,485,2
1588118400000,29/04/2020,Meath,Leinster,195044,681,10
1588118400000,29/04/2020,Monaghan,Ulster,61386,399,6
1588118400000,29/04/2020,Offaly,Leinster,77961,284,2
1588118400000,29/04/2020,Roscommon,Connacht,64544,151,1
1588118400000,29/04/2020,Sligo,Connacht,65535,116,0
1588118400000,29/04/2020,Tipperary,Munster,159553,468,53
1588118400000,29/04/2020,Waterford,Munster,116176,138,1
1588118400000,29/04/2020,Westmeath,Leinster,88770,487,13
1588118400000,29/04/2020,Wexford,Leinster,149722,179,12
1588118400000,29/04/2020,Wicklow,Leinster,142425,599,10
1588204800000,30/04/2020,Carlow,Leinster,56932,100,0
1588204800000,30/04/2020,Cavan,Ulster,76176,656,12
1588204800000,30/04/2020,Clare,Munster,118817,237,1
1588204800000,30/04/2020,Cork,Munster,542868,1156,2
1588204800000,30/04/2020,Donegal,Ulster,159192,459,1
1588204800000,30/04/2020,Dublin,Leinster,1347359,10277,107
1588204800000,30/04/2020,Galway,Connacht,258058,357,2
1588204800000,30/04/2020,Kerry,Munster,147707,294,1
1588204800000,30/04/2020,Kildare,Leinster,222504,1226,11
1588204800000,30/04/2020,Kilkenny,Leinster,99232,254,4
1588204800000,30/04/2020,Laois,Leinster,84697,230,6
1588204800000,30/04/2020,Leitrim,Connacht,32044,68,0
1588204800000,30/04/2020,Limerick,Munster,194899,564,16
1588204800000,30/04/2020,Longford,Leinster,40873,150,1
1588204800000,30/04/2020,Louth,Leinster,128884,667,8
1588204800000,30/04/2020,Mayo,Connacht,130507,488,3
1588204800000,30/04/2020,Meath,Leinster,195044,687,6
1588204800000,30/04/2020,Monaghan,Ulster,61386,403,4
1588204800000,30/04/2020,Offaly,Leinster,77961,293,9
1588204800000,30/04/2020,Roscommon,Connacht,64544,160,9
1588204800000,30/04/2020,Sligo,Connacht,65535,118,2
1588204800000,30/04/2020,Tipperary,Munster,159553,473,5
1588204800000,30/04/2020,Waterford,Munster,116176,138,0
1588204800000,30/04/2020,Westmeath,Leinster,88770,500,13
1588204800000,30/04/2020,Wexford,Leinster,149722,183,4
1588204800000,30/04/2020,Wicklow,Leinster,142425,604,5
1588291200000,01/05/2020,Carlow,Leinster,56932,126,26
1588291200000,01/05/2020,Cavan,Ulster,76176,673,17
1588291200000,01/05/2020,Clare,Munster,118817,240,3
1588291200000,01/05/2020,Cork,Munster,542868,1164,8
1588291200000,01/05/2020,Donegal,Ulster,159192,461,2
1588291200000,01/05/2020,Dublin,Leinster,1347359,10406,129
1588291200000,01/05/2020,Galway,Connacht,258058,365,8
1588291200000,01/05/2020,Kerry,Munster,147707,295,1
1588291200000,01/05/2020,Kildare,Leinster,222504,1242,16
1588291200000,01/05/2020,Kilkenny,Leinster,99232,258,4
1588291200000,01/05/2020,Laois,Leinster,84697,234,4
1588291200000,01/05/2020,Leitrim,Connacht,32044,67,-1
1588291200000,01/05/2020,Limerick,Munster,194899,580,16
1588291200000,01/05/2020,Longford,Leinster,40873,153,3
1588291200000,01/05/2020,Louth,Leinster,128884,673,6
1588291200000,01/05/2020,Mayo,Connacht,130507,494,6
1588291200000,01/05/2020,Meath,Leinster,195044,699,12
1588291200000,01/05/2020,Monaghan,Ulster,61386,409,6
1588291200000,01/05/2020,Offaly,Leinster,77961,305,12
1588291200000,01/05/2020,Roscommon,Connacht,64544,174,14
1588291200000,01/05/2020,Sligo,Connacht,65535,117,-1
1588291200000,01/05/2020,Tipperary,Munster,159553,478,5
1588291200000,01/05/2020,Waterford,Munster,116176,139,1
1588291200000,01/05/2020,Westmeath,Leinster,88770,509,9
1588291200000,01/05/2020,Wexford,Leinster,149722,185,2
1588291200000,01/05/2020,Wicklow,Leinster,142425,618,14
1588377600000,02/05/2020,Carlow,Leinster,56932,127,1
1588377600000,02/05/2020,Cavan,Ulster,76176,682,9
1588377600000,02/05/2020,Clare,Munster,118817,245,5
1588377600000,02/05/2020,Cork,Munster,542868,1175,11
1588377600000,02/05/2020,Donegal,Ulster,159192,465,4
1588377600000,02/05/2020,Dublin,Leinster,1347359,10561,155
1588377600000,02/05/2020,Galway,Connacht,258058,365,0
1588377600000,02/05/2020,Kerry,Munster,147707,298,3
1588377600000,02/05/2020,Kildare,Leinster,222504,1268,26
1588377600000,02/05/2020,Kilkenny,Leinster,99232,259,1
1588377600000,02/05/2020,Laois,Leinster,84697,237,3
1588377600000,02/05/2020,Leitrim,Connacht,32044,70,3
1588377600000,02/05/2020,Limerick,Munster,194899,583,3
1588377600000,02/05/2020,Longford,Leinster,40873,213,60
1588377600000,02/05/2020,Louth,Leinster,128884,679,6
1588377600000,02/05/2020,Mayo,Connacht,130507,501,7
1588377600000,02/05/2020,Meath,Leinster,195044,713,14
1588377600000,02/05/2020,Monaghan,Ulster,61386,423,14
1588377600000,02/05/2020,Offaly,Leinster,77961,314,9
1588377600000,02/05/2020,Roscommon,Connacht,64544,174,0
1588377600000,02/05/2020,Sligo,Connacht,65535,119,2
1588377600000,02/05/2020,Tipperary,Munster,159553,479,1
1588377600000,02/05/2020,Waterford,Munster,116176,140,1
1588377600000,02/05/2020,Westmeath,Leinster,88770,540,31
1588377600000,02/05/2020,Wexford,Leinster,149722,185,0
1588377600000,02/05/2020,Wicklow,Leinster,142425,622,4
1588464000000,03/05/2020,Carlow,Leinster,56932,127,0
1588464000000,03/05/2020,Cavan,Ulster,76176,694,12
1588464000000,03/05/2020,Clare,Munster,118817,249,4
1588464000000,03/05/2020,Cork,Munster,542868,1177,2
1588464000000,03/05/2020,Donegal,Ulster,159192,466,1
1588464000000,03/05/2020,Dublin,Leinster,1347359,10670,109
1588464000000,03/05/2020,Galway,Connacht,258058,369,4
1588464000000,03/05/2020,Kerry,Munster,147707,301,3
1588464000000,03/05/2020,Kildare,Leinster,222504,1280,12
1588464000000,03/05/2020,Kilkenny,Leinster,99232,258,-1
1588464000000,03/05/2020,Laois,Leinster,84697,238,1
1588464000000,03/05/2020,Leitrim,Connacht,32044,70,0
1588464000000,03/05/2020,Limerick,Munster,194899,585,2
1588464000000,03/05/2020,Longford,Leinster,40873,235,22
1588464000000,03/05/2020,Louth,Leinster,128884,685,6
1588464000000,03/05/2020,Mayo,Connacht,130507,510,9
1588464000000,03/05/2020,Meath,Leinster,195044,717,4
1588464000000,03/05/2020,Monaghan,Ulster,61386,429,6
1588464000000,03/05/2020,Offaly,Leinster,77961,317,3
1588464000000,03/05/2020,Roscommon,Connacht,64544,181,7
1588464000000,03/05/2020,Sligo,Connacht,65535,120,1
1588464000000,03/05/2020,Tipperary,Munster,159553,486,7
1588464000000,03/05/2020,Waterford,Munster,116176,139,-1
1588464000000,03/05/2020,Westmeath,Leinster,88770,547,7
1588464000000,03/05/2020,Wexford,Leinster,149722,184,-1
1588464000000,03/05/2020,Wicklow,Leinster,142425,625,3