TimeStamp,Date,CountyName,Province,PopulationCensus16,ConfirmedCovidCases,NewCases,3DayAvg,7DayAvg
1584748800000,21/03/2020,Carlow,Leinster,56932,3,3,1,0
1584748800000,21/03/2020,Cavan,Ulster,76176,3,3,1,0
1584748800000,21/03/2020,Clare,Munster,118817,9,9,3,1
1584748800000,21/03/2020,Cork,Munster,542868,104,104,35,15
1584748800000,21/03/2020,Donegal,Ulster,159192,8,8,3,1
1584748800000,21/03/2020,Dublin,Leinster,1347359,471,471,157,67
1584748800000,21/03/2020,Galway,Connacht,258058,33,33,11,5
1584748800000,21/03/2020,Kerry,Munster,147707,12,12,4,2
1584748800000,21/03/2020,Kildare,Leinster,222504,23,23,8,3
1584748800000,21/03/2020,Kilkenny,Leinster,99232,15,15,5,2
1584748800000,21/03/2020,Laois,Leinster,84697,6,6,2,1
1584748800000,21/03/2020,Leitrim,Connacht,32044,3,3,1,0
1584748800000,21/03/2020,Limerick,Munster,194899,18,18,6,3
1584748800000,21/03/2020,Longford,Leinster,40873,3,3,1,0
1584748800000,21/03/2020,Louth,Leinster,128884,13,13,4,2
1584748800000,21/03/2020,Mayo,Connacht,130507,6,6,2,1
1584748800000,21/03/2020,Meath,Leinster,195044,13,13,4,2
1584748800000,21/03/2020,Monaghan,Ulster,61386,3,3,1,0
1584748800000,21/03/2020,Offaly,Leinster,77961,10,10,3,1
1584748800000,21/03/2020,Roscommon,Connacht,64544,3,3,1,0
1584748800000,21/03/2020,Sligo,Connacht,65535,8,8,3,1
1584748800000,21/03/2020,Tipperary,Munster,159553,20,20,7,3
1584748800000,21/03/2020,Waterford,Munster,116176,9,9,3,1
1584748800000,21/03/2020,Westmeath,Leinster,88770,20,20,7,3
1584748800000,21/03/2020,Wexford,Leinster,149722,3,3,1,0
1584748800000,21/03/2020,Wicklow,Leinster,142425,22,22,7,3
1584835200000,22/03/2020,Carlow,Leinster,56932,3,0,1,0
1584835200000,22/03/2020,Cavan,Ulster,76176,5,2,2,1
1584835200000,22/03/2020,Clare,Munster,118817,11,2,4,2
1584835200000,22/03/2020,Cork,Munster,542868,123,19,41,18
1584835200000,22/03/2020,Donegal,Ulster,159192,11,3,4,2
1584835200000,22/03/2020,Dublin,Leinster,1347359,535,64,178,76
1584835200000,22/03/2020,Galway,Connacht,258058,35,2,12,5
1584835200000,22/03/2020,Kerry,Munster,147707,15,3,5,2
1584835200000,22/03/2020,Kildare,Leinster,222504,25,2,8,4
1584835200000,22/03/2020,Kilkenny,Leinster,99232,16,1,5,2
1584835200000,22/03/2020,Laois,Leinster,84697,8,2,3,1
1584835200000,22/03/2020,Leitrim,Connacht,32044,3,0,1,0
1584835200000,22/03/2020,Limerick,Munster,194899,19,1,6,3
1584835200000,22/03/2020,Longford,Leinster,40873,3,0,1,0
1584835200000,22/03/2020,Louth,Leinster,128884,16,3,5,2
1584835200000,22/03/2020,Mayo,Connacht,130507,9,3,3,1
1584835200000,22/03/2020,Meath,Leinster,195044,16,3,5,2
1584835200000,22/03/2020,Monaghan,Ulster,61386,3,0,1,0
1584835200000,22/03/2020,Offaly,Leinster,77961,13,3,4,2
1584835200000,22/03/2020,Roscommon,Connacht,64544,3,0,1,0
1584835200000,22/03/2020,Sligo,Connacht,65535,8,0,3,1
1584835200000,22/03/2020,Tipperary,Munster,159553,20,0,7,3
1584835200000,22/03/2020,Waterford,Munster,116176,13,4,4,2
1584835200000,22/03/2020,Westmeath,Leinster,88770,21,1,7,3
1584835200000,22/03/2020,Wexford,Leinster,149722,7,4,2,1
1584835200000,22/03/2020,Wicklow,Leinster,142425,28,6,9,4
1584921600000,23/03/2020,Carlow,Leinster,56932,3,0,1,0
1584921600000,23/03/2020,Cavan,Ulster,76176,5,0,2,1
1584921600000,23/03/2020,Clare,Munster,118817,12,1,4,2
1584921600000,23/03/2020,Cork,Munster,542868,133,10,44,19
1584921600000,23/03/2020,Donegal,Ulster,159192,11,0,4,2
1584921600000,23/03/2020,Dublin,Leinster,1347359,659,124,220,94
1584921600000,23/03/2020,Galway,Connacht,258058,40,5,13,6
1584921600000,23/03/2020,Kerry,Munster,147707,33,18,11,5
1584921600000,23/03/2020,Kildare,Leinster,222504,34,9,11,5
1584921600000,23/03/2020,Kilkenny,Leinster,99232,16,0,5,2
1584921600000,23/03/2020,Laois,Leinster,84697,9,1,3,1
1584921600000,23/03/2020,Leitrim,Connacht,32044,3,0,1,0
1584921600000,23/03/2020,Limerick,Munster,194899,19,0,6,3
1584921600000,23/03/2020,Longford,Leinster,40873,4,1,1,1
1584921600000,23/03/2020,Louth,Leinster,128884,18,2,6,3
1584921600000,23/03/2020,Mayo,Connacht,130507,9,0,3,1
1584921600000,23/03/2020,Meath,Leinster,195044,24,8,8,3
1584921600000,23/03/2020,Monaghan,Ulster,61386,3,0,1,0
1584921600000,23/03/2020,Offaly,Leinster,77961,13,0,4,2
1584921600000,23/03/2020,Roscommon,Connacht,64544,3,0,1,0
1584921600000,23/03/2020,Sligo,Connacht,65535,8,0,3,1
1584921600000,23/03/2020,Tipperary,Munster,159553,20,0,7,3
1584921600000,23/03/2020,Waterford,Munster,116176,15,2,5,2
1584921600000,23/03/2020,Westmeath,Leinster,88770,25,4,8,4
1584921600000,23/03/2020,Wexford,Leinster,149722,7,0,2,1
1584921600000,23/03/2020,Wicklow,Leinster,142425,39,11,13,6
1585008000000,24/03/2020,Carlow,Leinster,56932,3,0,0,0
1585008000000,24/03/2020,Cavan,Ulster,76176,6,1,1,1
1585008000000,24/03/2020,Clare,Munster,118817,25,13,5,4
1585008000000,24/03/2020,Cork,Munster,542868,154,21,17,22
1585008000000,24/03/2020,Donegal,Ulster,159192,12,1,1,2
1585008000000,24/03/2020,Dublin,Leinster,1347359,774,115,101,111
1585008000000,24/03/2020,Galway,Connacht,258058,45,5,4,6
1585008000000,24/03/2020,Kerry,Munster,147707,38,5,9,5
1585008000000,24/03/2020,Kildare,Leinster,222504,39,5,5,6
1585008000000,24/03/2020,Kilkenny,Leinster,99232,19,3,1,3
1585008000000,24/03/2020,Laois,Leinster,84697,9,0,1,1
1585008000000,24/03/2020,Leitrim,Connacht,32044,3,0,0,0
1585008000000,24/03/2020,Limerick,Munster,194899,24,5,2,3
1585008000000,24/03/2020,Longford,Leinster,40873,3,-1,0,0
1585008000000,24/03/2020,Louth,Leinster,128884,20,2,2,3
1585008000000,24/03/2020,Mayo,Connacht,130507,14,5,3,2
1585008000000,24/03/2020,Meath,Leinster,195044,27,3,5,4
1585008000000,24/03/2020,Monaghan,Ulster,61386,3,0,0,0
1585008000000,24/03/2020,Offaly,Leinster,77961,16,3,2,2
1585008000000,24/03/2020,Roscommon,Connacht,64544,5,2,1,1
1585008000000,24/03/2020,Sligo,Connacht,65535,8,0,0,1
1585008000000,24/03/2020,Tipperary,Munster,159553,27,7,2,4
1585008000000,24/03/2020,Waterford,Munster,116176,22,7,4,3
1585008000000,24/03/2020,Westmeath,Leinster,88770,29,4,3,4
1585008000000,24/03/2020,Wexford,Leinster,149722,8,1,2,1
1585008000000,24/03/2020,Wicklow,Leinster,142425,49,10,9,7
1585094400000,25/03/2020,Carlow,Leinster,56932,3,0,0,0
1585094400000,25/03/2020,Cavan,Ulster,76176,9,3,1,1
1585094400000,25/03/2020,Clare,Munster,118817,26,1,5,4
1585094400000,25/03/2020,Cork,Munster,542868,171,17,16,24
1585094400000,25/03/2020,Donegal,Ulster,159192,15,3,1,2
1585094400000,25/03/2020,Dublin,Leinster,1347359,922,148,129,132
1585094400000,25/03/2020,Galway,Connacht,258058,57,12,7,8
1585094400000,25/03/2020,Kerry,Munster,147707,44,6,10,6
1585094400000,25/03/2020,Kildare,Leinster,222504,45,6,7,6
1585094400000,25/03/2020,Kilkenny,Leinster,99232,20,1,1,3
1585094400000,25/03/2020,Laois,Leinster,84697,10,1,1,1
1585094400000,25/03/2020,Leitrim,Connacht,32044,3,0,0,0
1585094400000,25/03/2020,Limerick,Munster,194899,36,12,6,5
1585094400000,25/03/2020,Longford,Leinster,40873,5,2,1,1
1585094400000,25/03/2020,Louth,Leinster,128884,24,4,3,3
1585094400000,25/03/2020,Mayo,Connacht,130507,18,4,3,3
1585094400000,25/03/2020,Meath,Leinster,195044,33,6,6,5
1585094400000,25/03/2020,Monaghan,Ulster,61386,5,2,1,1
1585094400000,25/03/2020,Offaly,Leinster,77961,19,3,2,3
1585094400000,25/03/2020,Roscommon,Connacht,64544,7,2,1,1
1585094400000,25/03/2020,Sligo,Connacht,65535,8,0,0,1
1585094400000,25/03/2020,Tipperary,Munster,159553,34,7,5,5
1585094400000,25/03/2020,Waterford,Munster,116176,25,3,4,4
1585094400000,25/03/2020,Westmeath,Leinster,88770,39,10,6,6
1585094400000,25/03/2020,Wexford,Leinster,149722,9,1,1,1
1585094400000,25/03/2020,Wicklow,Leinster,142425,52,3,8,7
1585180800000,26/03/2020,Carlow,Leinster,56932,3,0,0,0
1585180800000,26/03/2020,Cavan,Ulster,76176,11,2,2,2
1585180800000,26/03/2020,Clare,Munster,118817,31,5,6,4
1585180800000,26/03/2020,Cork,Munster,542868,184,13,17,26
1585180800000,26/03/2020,Donegal,Ulster,159192,15,0,1,2
1585180800000,26/03/2020,Dublin,Leinster,1347359,1070,148,137,153
1585180800000,26/03/2020,Galway,Connacht,258058,63,6,8,9
1585180800000,26/03/2020,Kerry,Munster,147707,47,3,5,7
1585180800000,26/03/2020,Kildare,Leinster,222504,56,11,7,8
1585180800000,26/03/2020,Kilkenny,Leinster,99232,29,9,4,4
1585180800000,26/03/2020,Laois,Leinster,84697,11,1,1,2
1585180800000,26/03/2020,Leitrim,Connacht,32044,3,0,0,0
1585180800000,26/03/2020,Limerick,Munster,194899,46,10,9,7
1585180800000,26/03/2020,Longford,Leinster,40873,5,0,0,1
1585180800000,26/03/2020,Louth,Leinster,128884,27,3,3,4
1585180800000,26/03/2020,Mayo,Connacht,130507,21,3,4,3
1585180800000,26/03/2020,Meath,Leinster,195044,41,8,6,6
1585180800000,26/03/2020,Monaghan,Ulster,61386,8,3,2,1
1585180800000,26/03/2020,Offaly,Leinster,77961,22,3,3,3
1585180800000,26/03/2020,Roscommon,Connacht,64544,8,1,2,1
1585180800000,26/03/2020,Sligo,Connacht,65535,10,2,1,1
1585180800000,26/03/2020,Tipperary,Munster,159553,44,10,8,6
1585180800000,26/03/2020,Waterford,Munster,116176,29,4,5,4
1585180800000,26/03/2020,Westmeath,Leinster,88770,52,13,9,7
1585180800000,26/03/2020,Wexford,Leinster,149722,10,1,1,1
1585180800000,26/03/2020,Wicklow,Leinster,142425,58,6,6,8
1585267200000,27/03/2020,Carlow,Leinster,56932,3,0,0,0
1585267200000,27/03/2020,Cavan,Ulster,76176,19,8,4,3
1585267200000,27/03/2020,Clare,Munster,118817,34,3,3,5
1585267200000,27/03/2020,Cork,Munster,542868,208,24,18,30
1585267200000,27/03/2020,Donegal,Ulster,159192,24,9,4,3
1585267200000,27/03/2020,Dublin,Leinster,1347359,1233,163,153,176
1585267200000,27/03/2020,Galway,Connacht,258058,68,5,8,10
1585267200000,27/03/2020,Kerry,Munster,147707,53,6,5,8
1585267200000,27/03/2020,Kildare,Leinster,222504,61,5,7,9
1585267200000,27/03/2020,Kilkenny,Leinster,99232,33,4,5,5
1585267200000,27/03/2020,Laois,Leinster,84697,14,3,2,2
1585267200000,27/03/2020,Leitrim,Connacht,32044,3,0,0,0
1585267200000,27/03/2020,Limerick,Munster,194899,55,9,10,8
1585267200000,27/03/2020,Longford,Leinster,40873,10,5,2,1
1585267200000,27/03/2020,Louth,Leinster,128884,34,7,5,5
1585267200000,27/03/2020,Mayo,Connacht,130507,26,5,4,4
1585267200000,27/03/2020,Meath,Leinster,195044,46,5,6,7
1585267200000,27/03/2020,Monaghan,Ulster,61386,11,3,3,2
1585267200000,27/03/2020,Offaly,Leinster,77961,29,7,4,4
1585267200000,27/03/2020,Roscommon,Connacht,64544,10,2,2,1
1585267200000,27/03/2020,Sligo,Connacht,65535,12,2,1,2
1585267200000,27/03/2020,Tipperary,Munster,159553,53,9,9,8
1585267200000,27/03/2020,Waterford,Munster,116176,31,2,3,4
1585267200000,27/03/2020,Westmeath,Leinster,88770,67,15,13,10
1585267200000,27/03/2020,Wexford,Leinster,149722,12,2,1,2
1585267200000,27/03/2020,Wicklow,Leinster,142425,65,7,5,9
1585353600000,28/03/2020,Carlow,Leinster,56932,3,0,0,0
1585353600000,28/03/2020,Cavan,Ulster,76176,24,5,5,3
1585353600000,28/03/2020,Clare,Munster,118817,34,0,3,4
1585353600000,28/03/2020,Cork,Munster,542868,217,9,15,16
1585353600000,28/03/2020,Donegal,Ulster,159192,36,12,7,4
1585353600000,28/03/2020,Dublin,Leinster,1347359,1393,160,157,132
1585353600000,28/03/2020,Galway,Connacht,258058,77,9,7,6
1585353600000,28/03/2020,Kerry,Munster,147707,60,7,5,7
1585353600000,28/03/2020,Kildare,Leinster,222504,64,3,6,6
1585353600000,28/03/2020,Kilkenny,Leinster,99232,36,3,5,3
1585353600000,28/03/2020,Laois,Leinster,84697,14,0,1,1
1585353600000,28/03/2020,Leitrim,Connacht,32044,6,3,1,0
1585353600000,28/03/2020,Limerick,Munster,194899,64,9,9,7
1585353600000,28/03/2020,Longford,Leinster,40873,10,0,2,1
1585353600000,28/03/2020,Louth,Leinster,128884,39,5,5,4
1585353600000,28/03/2020,Mayo,Connacht,130507,28,2,3,3
1585353600000,28/03/2020,Meath,Leinster,195044,47,1,5,5
1585353600000,28/03/2020,Monaghan,Ulster,61386,12,1,2,1
1585353600000,28/03/2020,Offaly,Leinster,77961,34,5,5,3
1585353600000,28/03/2020,Roscommon,Connacht,64544,10,0,1,1
1585353600000,28/03/2020,Sligo,Connacht,65535,19,7,4,2
1585353600000,28/03/2020,Tipperary,Munster,159553,62,9,9,6
1585353600000,28/03/2020,Waterford,Munster,116176,34,3,3,4
1585353600000,28/03/2020,Westmeath,Leinster,88770,70,3,10,7
1585353600000,28/03/2020,Wexford,Leinster,149722,12,0,1,1
1585353600000,28/03/2020,Wicklow,Leinster,142425,69,4,6,7
1585440000000,29/03/2020,Carlow,Leinster,56932,3,0,0,0
1585440000000,29/03/2020,Cavan,Ulster,76176,31,7,7,4
1585440000000,29/03/2020,Clare,Munster,118817,40,6,3,4
1585440000000,29/03/2020,Cork,Munster,542868,238,21,18,16
1585440000000,29/03/2020,Donegal,Ulster,159192,46,10,10,5
1585440000000,29/03/2020,Dublin,Leinster,1347359,1487,94,139,136
1585440000000,29/03/2020,Galway,Connacht,258058,86,9,8,7
1585440000000,29/03/2020,Kerry,Munster,147707,66,6,6,7
1585440000000,29/03/2020,Kildare,Leinster,222504,66,2,3,6
1585440000000,29/03/2020,Kilkenny,Leinster,99232,36,0,2,3
1585440000000,29/03/2020,Laois,Leinster,84697,15,1,1,1
1585440000000,29/03/2020,Leitrim,Connacht,32044,6,0,1,0
1585440000000,29/03/2020,Limerick,Munster,194899,67,3,7,7
1585440000000,29/03/2020,Longford,Leinster,40873,10,0,2,1
1585440000000,29/03/2020,Louth,Leinster,128884,44,5,6,4
1585440000000,29/03/2020,Mayo,Connacht,130507,36,8,5,4
1585440000000,29/03/2020,Meath,Leinster,195044,54,7,4,5
1585440000000,29/03/2020,Monaghan,Ulster,61386,13,1,2,1
1585440000000,29/03/2020,Offaly,Leinster,77961,34,0,4,3
1585440000000,29/03/2020,Roscommon,Connacht,64544,10,0,1,1
1585440000000,29/03/2020,Sligo,Connacht,65535,19,0,3,2
1585440000000,29/03/2020,Tipperary,Munster,159553,71,9,9,7
1585440000000,29/03/2020,Waterford,Munster,116176,33,-1,1,3
1585440000000,29/03/2020,Westmeath,Leinster,88770,77,7,8,8
1585440000000,29/03/2020,Wexford,Leinster,149722,15,3,2,1
1585440000000,29/03/2020,Wicklow,Leinster,142425,73,4,5,6
1585526400000,30/03/2020,Carlow,Leinster,56932,3,0,0,0
1585526400000,30/03/2020,Cavan,Ulster,76176,36,5,6,4
1585526400000,30/03/2020,Clare,Munster,118817,45,5,4,5
1585526400000,30/03/2020,Cork,Munster,542868,255,17,16,17
1585526400000,30/03/2020,Donegal,Ulster,159192,63,17,13,7
1585526400000,30/03/2020,Dublin,Leinster,1347359,1645,158,137,141
1585526400000,30/03/2020,Galway,Connacht,258058,88,2,7,7
1585526400000,30/03/2020,Kerry,Munster,147707,68,2,5,5
1585526400000,30/03/2020,Kildare,Leinster,222504,80,14,6,7
1585526400000,30/03/2020,Kilkenny,Leinster,99232,37,1,1,3
1585526400000,30/03/2020,Laois,Leinster,84697,16,1,1,1
1585526400000,30/03/2020,Leitrim,Connacht,32044,10,4,2,1
1585526400000,30/03/2020,Limerick,Munster,194899,87,20,11,10
1585526400000,30/03/2020,Longford,Leinster,40873,12,2,1,1
1585526400000,30/03/2020,Louth,Leinster,128884,51,7,6,5
1585526400000,30/03/2020,Mayo,Connacht,130507,48,12,7,6
1585526400000,30/03/2020,Meath,Leinster,195044,66,12,7,6
1585526400000,30/03/2020,Monaghan,Ulster,61386,13,0,1,1
1585526400000,30/03/2020,Offaly,Leinster,77961,40,6,4,4
1585526400000,30/03/2020,Roscommon,Connacht,64544,10,0,0,1
1585526400000,30/03/2020,Sligo,Connacht,65535,22,3,3,2
1585526400000,30/03/2020,Tipperary,Munster,159553,85,14,11,9
1585526400000,30/03/2020,Waterford,Munster,116176,37,4,2,3
1585526400000,30/03/2020,Westmeath,Leinster,88770,80,3,4,8
1585526400000,30/03/2020,Wexford,Leinster,149722,15,0,1,1
1585526400000,30/03/2020,Wicklow,Leinster,142425,77,4,4,5
1585612800000,31/03/2020,Carlow,Leinster,56932,3,0,0,0
1585612800000,31/03/2020,Cavan,Ulster,76176,39,3,5,5
1585612800000,31/03/2020,Clare,Munster,118817,49,4,5,3
1585612800000,31/03/2020,Cork,Munster,542868,272,17,18,17
1585612800000,31/03/2020,Donegal,Ulster,159192,68,5,11,8
1585612800000,31/03/2020,Dublin,Leinster,1347359,1838,193,148,152
1585612800000,31/03/2020,Galway,Connacht,258058,91,3,5,7
1585612800000,31/03/2020,Kerry,Munster,147707,72,4,4,5
1585612800000,31/03/2020,Kildare,Leinster,222504,90,10,9,7
1585612800000,31/03/2020,Kilkenny,Leinster,99232,37,0,0,3
1585612800000,31/03/2020,Laois,Leinster,84697,16,0,1,1
1585612800000,31/03/2020,Leitrim,Connacht,32044,12,2,2,1
1585612800000,31/03/2020,Limerick,Munster,194899,94,7,10,10
1585612800000,31/03/2020,Longford,Leinster,40873,14,2,1,2
1585612800000,31/03/2020,Louth,Leinster,128884,52,1,4,5
1585612800000,31/03/2020,Mayo,Connacht,130507,52,4,8,5
1585612800000,31/03/2020,Meath,Leinster,195044,74,8,9,7
1585612800000,31/03/2020,Monaghan,Ulster,61386,17,4,2,2
1585612800000,31/03/2020,Offaly,Leinster,77961,46,6,4,4
1585612800000,31/03/2020,Roscommon,Connacht,64544,10,0,0,1
1585612800000,31/03/2020,Sligo,Connacht,65535,25,3,2,2
1585612800000,31/03/2020,Tipperary,Munster,159553,91,6,10,9
1585612800000,31/03/2020,Waterford,Munster,116176,38,1,1,2
1585612800000,31/03/2020,Westmeath,Leinster,88770,81,1,4,7
1585612800000,31/03/2020,Wexford,Leinster,149722,16,1,1,1
1585612800000,31/03/2020,Wicklow,Leinster,142425,84,7,5,5
1585699200000,01/04/2020,Carlow,Leinster,56932,3,0,0,0
1585699200000,01/04/2020,Cavan,Ulster,76176,41,2,3,5
1585699200000,01/04/2020,Clare,Munster,118817,50,1,3,3
1585699200000,01/04/2020,Cork,Munster,542868,292,20,18,17
1585699200000,01/04/2020,Donegal,Ulster,159192,77,9,10,9
1585699200000,01/04/2020,Dublin,Leinster,1347359,2077,239,197,165
1585699200000,01/04/2020,Galway,Connacht,258058,98,7,4,6
1585699200000,01/04/2020,Kerry,Munster,147707,79,7,4,5
1585699200000,01/04/2020,Kildare,Leinster,222504,103,13,12,8
1585699200000,01/04/2020,Kilkenny,Leinster,99232,47,10,4,4
1585699200000,01/04/2020,Laois,Leinster,84697,16,0,0,1
1585699200000,01/04/2020,Leitrim,Connacht,32044,12,0,2,1
1585699200000,01/04/2020,Limerick,Munster,194899,96,2,10,9
1585699200000,01/04/2020,Longford,Leinster,40873,16,2,2,2
1585699200000,01/04/2020,Louth,Leinster,128884,54,2,3,4
1585699200000,01/04/2020,Mayo,Connacht,130507,55,3,6,5
1585699200000,01/04/2020,Meath,Leinster,195044,88,14,11,8
1585699200000,01/04/2020,Monaghan,Ulster,61386,18,1,2,2
1585699200000,01/04/2020,Offaly,Leinster,77961,47,1,4,4
1585699200000,01/04/2020,Roscommon,Connacht,64544,13,3,1,1
1585699200000,01/04/2020,Sligo,Connacht,65535,26,1,2,3
1585699200000,01/04/2020,Tipperary,Munster,159553,94,3,8,9
1585699200000,01/04/2020,Waterford,Munster,116176,43,5,3,3
1585699200000,01/04/2020,Westmeath,Leinster,88770,86,5,3,7
1585699200000,01/04/2020,Wexford,Leinster,149722,18,2,1,1
1585699200000,01/04/2020,Wicklow,Leinster,142425,105,21,11,8
1585785600000,02/04/2020,Carlow,Leinster,56932,6,3,1,0
1585785600000,02/04/2020,Cavan,Ulster,76176,67,26,10,8
1585785600000,02/04/2020,Clare,Munster,118817,54,4,3,3
1585785600000,02/04/2020,Cork,Munster,542868,304,12,16,17
1585785600000,02/04/2020,Donegal,Ulster,159192,80,3,6,9
1585785600000,02/04/2020,Dublin,Leinster,1347359,2251,174,202,169
1585785600000,02/04/2020,Galway,Connacht,258058,105,7,6,6
1585785600000,02/04/2020,Kerry,Munster,147707,84,5,5,5
1585785600000,02/04/2020,Kildare,Leinster,222504,136,33,19,11
1585785600000,02/04/2020,Kilkenny,Leinster,99232,54,7,6,4
1585785600000,02/04/2020,Laois,Leinster,84697,21,5,2,1
1585785600000,02/04/2020,Leitrim,Connacht,32044,13,1,1,1
1585785600000,02/04/2020,Limerick,Munster,194899,116,20,10,10
1585785600000,02/04/2020,Longford,Leinster,40873,17,1,2,2
1585785600000,02/04/2020,Louth,Leinster,128884,55,1,1,4
1585785600000,02/04/2020,Mayo,Connacht,130507,63,8,5,6
1585785600000,02/04/2020,Meath,Leinster,195044,93,5,9,7
1585785600000,02/04/2020,Monaghan,Ulster,61386,20,2,2,2
1585785600000,02/04/2020,Offaly,Leinster,77961,63,16,8,6
1585785600000,02/04/2020,Roscommon,Connacht,64544,13,0,1,1
1585785600000,02/04/2020,Sligo,Connacht,65535,27,1,2,2
1585785600000,02/04/2020,Tipperary,Munster,159553,105,11,7,9
1585785600000,02/04/2020,Waterford,Munster,116176,43,0,2,2
1585785600000,02/04/2020,Westmeath,Leinster,88770,92,6,4,6
1585785600000,02/04/2020,Wexford,Leinster,149722,20,2,2,1
1585785600000,02/04/2020,Wicklow,Leinster,142425,112,7,12,8
1585872000000,03/04/2020,Carlow,Leinster,56932,12,6,3,1
1585872000000,03/04/2020,Cavan,Ulster,76176,76,9,12,8
1585872000000,03/04/2020,Clare,Munster,118817,54,0,2,3
1585872000000,03/04/2020,Cork,Munster,542868,343,39,24,19
1585872000000,03/04/2020,Donegal,Ulster,159192,81,1,4,8
1585872000000,03/04/2020,Dublin,Leinster,1347359,2490,239,217,180
1585872000000,03/04/2020,Galway,Connacht,258058,108,3,6,6
1585872000000,03/04/2020,Kerry,Munster,147707,85,1,4,5
1585872000000,03/04/2020,Kildare,Leinster,222504,152,16,21,13
1585872000000,03/04/2020,Kilkenny,Leinster,99232,73,19,12,6
1585872000000,03/04/2020,Laois,Leinster,84697,22,1,2,1
1585872000000,03/04/2020,Leitrim,Connacht,32044,13,0,0,1
1585872000000,03/04/2020,Limerick,Munster,194899,128,12,11,10
1585872000000,03/04/2020,Longford,Leinster,40873,17,0,1,1
1585872000000,03/04/2020,Louth,Leinster,128884,64,9,4,4
1585872000000,03/04/2020,Mayo,Connacht,130507,78,15,9,7
1585872000000,03/04/2020,Meath,Leinster,195044,106,13,11,9
1585872000000,03/04/2020,Monaghan,Ulster,61386,23,3,2,2
1585872000000,03/04/2020,Offaly,Leinster,77961,64,1,6,5
1585872000000,03/04/2020,Roscommon,Connacht,64544,15,2,2,1
1585872000000,03/04/2020,Sligo,Connacht,65535,28,1,1,2
1585872000000,03/04/2020,Tipperary,Munster,159553,118,13,9,9
1585872000000,03/04/2020,Waterford,Munster,116176,46,3,3,2
1585872000000,03/04/2020,Westmeath,Leinster,88770,94,2,4,4
1585872000000,03/04/2020,Wexford,Leinster,149722,21,1,2,1
1585872000000,03/04/2020,Wicklow,Leinster,142425,132,20,16,10
1585958400000,04/04/2020,Carlow,Leinster,56932,12,0,3,1
1585958400000,04/04/2020,Cavan,Ulster,76176,115,39,25,13
1585958400000,04/04/2020,Clare,Munster,118817,60,6,3,4
1585958400000,04/04/2020,Cork,Munster,542868,362,19,23,21
1585958400000,04/04/2020,Donegal,Ulster,159192,103,22,9,10
1585958400000,04/04/2020,Dublin,Leinster,1347359,2692,202,205,186
1585958400000,04/04/2020,Galway,Connacht,258058,112,4,5,5
1585958400000,04/04/2020,Kerry,Munster,147707,89,4,3,4
1585958400000,04/04/2020,Kildare,Leinster,222504,175,23,24,16
1585958400000,04/04/2020,Kilkenny,Leinster,99232,75,2,9,6
1585958400000,04/04/2020,Laois,Leinster,84697,25,3,3,2
1585958400000,04/04/2020,Leitrim,Connacht,32044,14,1,1,1
1585958400000,04/04/2020,Limerick,Munster,194899,140,12,15,11
1585958400000,04/04/2020,Longford,Leinster,40873,21,4,2,2
1585958400000,04/04/2020,Louth,Leinster,128884,65,1,4,4
1585958400000,04/04/2020,Mayo,Connacht,130507,107,29,17,11
1585958400000,04/04/2020,Meath,Leinster,195044,141,35,18,13
1585958400000,04/04/2020,Monaghan,Ulster,61386,52,29,11,6
1585958400000,04/04/2020,Offaly,Leinster,77961,66,2,6,5
1585958400000,04/04/2020,Roscommon,Connacht,64544,18,3,2,1
1585958400000,04/04/2020,Sligo,Connacht,65535,28,0,1,1
1585958400000,04/04/2020,Tipperary,Munster,159553,125,7,10,9
1585958400000,04/04/2020,Waterford,Munster,116176,49,3,2,2
1585958400000,04/04/2020,Westmeath,Leinster,88770,107,13,7,5
1585958400000,04/04/2020,Wexford,Leinster,149722,21,0,1,1
1585958400000,04/04/2020,Wicklow,Leinster,142425,142,10,12,10
1586044800000,05/04/2020,Carlow,Leinster,56932,12,0,2,1
1586044800000,05/04/2020,Cavan,Ulster,76176,123,8,19,13
1586044800000,05/04/2020,Clare,Munster,118817,65,5,4,4
1586044800000,05/04/2020,Cork,Munster,542868,421,59,39,26
1586044800000,05/04/2020,Donegal,Ulster,159192,114,11,11,10
1586044800000,05/04/2020,Dublin,Leinster,1347359,3061,369,270,225
1586044800000,05/04/2020,Galway,Connacht,258058,128,16,8,6
1586044800000,05/04/2020,Kerry,Munster,147707,117,28,11,7
1586044800000,05/04/2020,Kildare,Leinster,222504,200,25,21,19
1586044800000,05/04/2020,Kilkenny,Leinster,99232,79,4,8,6
1586044800000,05/04/2020,Laois,Leinster,84697,31,6,3,2
1586044800000,05/04/2020,Leitrim,Connacht,32044,18,4,2,2
1586044800000,05/04/2020,Limerick,Munster,194899,143,3,9,11
1586044800000,05/04/2020,Longford,Leinster,40873,25,4,3,2
1586044800000,05/04/2020,Louth,Leinster,128884,85,20,10,6
1586044800000,05/04/2020,Mayo,Connacht,130507,126,19,21,13
1586044800000,05/04/2020,Meath,Leinster,195044,168,27,25,16
1586044800000,05/04/2020,Monaghan,Ulster,61386,58,6,13,6
1586044800000,05/04/2020,Offaly,Leinster,77961,73,7,3,6
1586044800000,05/04/2020,Roscommon,Connacht,64544,22,4,3,2
1586044800000,05/04/2020,Sligo,Connacht,65535,28,0,0,1
1586044800000,05/04/2020,Tipperary,Munster,159553,133,8,9,9
1586044800000,05/04/2020,Waterford,Munster,116176,49,0,2,2
1586044800000,05/04/2020,Westmeath,Leinster,88770,121,14,10,6
1586044800000,05/04/2020,Wexford,Leinster,149722,22,1,1,1
1586044800000,05/04/2020,Wicklow,Leinster,142425,171,29,20,14
1586131200000,06/04/2020,Carlow,Leinster,56932,15,3,1,2
1586131200000,06/04/2020,Cavan,Ulster,76176,129,6,18,13
1586131200000,06/04/2020,Clare,Munster,118817,66,1,4,3
1586131200000,06/04/2020,Cork,Munster,542868,431,10,29,25
1586131200000,06/04/2020,Donegal,Ulster,159192,120,6,13,8
1586131200000,06/04/2020,Dublin,Leinster,1347359,3268,207,259,232
1586131200000,06/04/2020,Galway,Connacht,258058,134,6,9,7
1586131200000,06/04/2020,Kerry,Munster,147707,122,5,12,8
1586131200000,06/04/2020,Kildare,Leinster,222504,233,33,27,22
1586131200000,06/04/2020,Kilkenny,Leinster,99232,88,9,5,7
1586131200000,06/04/2020,Laois,Leinster,84697,34,3,4,3
1586131200000,06/04/2020,Leitrim,Connacht,32044,20,2,2,1
1586131200000,06/04/2020,Limerick,Munster,194899,160,17,11,10
1586131200000,06/04/2020,Longford,Leinster,40873,35,10,6,3
1586131200000,06/04/2020,Louth,Leinster,128884,96,11,11,6
1586131200000,06/04/2020,Mayo,Connacht,130507,130,4,17,12
1586131200000,06/04/2020,Meath,Leinster,195044,183,15,26,17
1586131200000,06/04/2020,Monaghan,Ulster,61386,62,4,13,7
1586131200000,06/04/2020,Offaly,Leinster,77961,77,4,4,5
1586131200000,06/04/2020,Roscommon,Connacht,64544,22,0,2,2
1586131200000,06/04/2020,Sligo,Connacht,65535,28,0,0,1
1586131200000,06/04/2020,Tipperary,Munster,159553,137,4,6,7
1586131200000,06/04/2020,Waterford,Munster,116176,52,3,2,2
1586131200000,06/04/2020,Westmeath,Leinster,88770,134,13,13,8
1586131200000,06/04/2020,Wexford,Leinster,149722,24,2,1,1
1586131200000,06/04/2020,Wicklow,Leinster,142425,181,10,16,15
1586217600000,07/04/2020,Carlow,Leinster,56932,16,1,1,2
1586217600000,07/04/2020,Cavan,Ulster,76176,132,3,6,13
1586217600000,07/04/2020,Clare,Munster,118817,68,2,3,3
1586217600000,07/04/2020,Cork,Munster,542868,472,41,37,29
1586217600000,07/04/2020,Donegal,Ulster,159192,125,5,7,8
1586217600000,07/04/2020,Dublin,Leinster,1347359,3557,289,288,246
1586217600000,07/04/2020,Galway,Connacht,258058,134,0,7,6
1586217600000,07/04/2020,Kerry,Munster,147707,125,3,12,8
1586217600000,07/04/2020,Kildare,Leinster,222504,253,20,26,23
1586217600000,07/04/2020,Kilkenny,Leinster,99232,90,2,5,8
1586217600000,07/04/2020,Laois,Leinster,84697,37,3,4,3
1586217600000,07/04/2020,Leitrim,Connacht,32044,23,3,3,2
1586217600000,07/04/2020,Limerick,Munster,194899,173,13,11,11
1586217600000,07/04/2020,Longford,Leinster,40873,36,1,5,3
1586217600000,07/04/2020,Louth,Leinster,128884,106,10,14,8
1586217600000,07/04/2020,Mayo,Connacht,130507,134,4,9,12
1586217600000,07/04/2020,Meath,Leinster,195044,198,15,19,18
1586217600000,07/04/2020,Monaghan,Ulster,61386,63,1,4,7
1586217600000,07/04/2020,Offaly,Leinster,77961,81,4,5,5
1586217600000,07/04/2020,Roscommon,Connacht,64544,22,0,1,2
1586217600000,07/04/2020,Sligo,Connacht,65535,28,0,0,0
1586217600000,07/04/2020,Tipperary,Munster,159553,140,3,5,7
1586217600000,07/04/2020,Waterford,Munster,116176,56,4,2,3
1586217600000,07/04/2020,Westmeath,Leinster,88770,142,8,12,9
1586217600000,07/04/2020,Wexford,Leinster,149722,26,2,2,1
1586217600000,07/04/2020,Wicklow,Leinster,142425,207,26,22,18
1586304000000,08/04/2020,Carlow,Leinster,56932,19,3,2,2
1586304000000,08/04/2020,Cavan,Ulster,76176,151,19,9,16
1586304000000,08/04/2020,Clare,Munster,118817,69,1,1,3
1586304000000,08/04/2020,Cork,Munster,542868,503,31,27,30
1586304000000,08/04/2020,Donegal,Ulster,159192,145,20,10,10
1586304000000,08/04/2020,Dublin,Leinster,1347359,3873,316,271,257
1586304000000,08/04/2020,Galway,Connacht,258058,160,26,11,9
1586304000000,08/04/2020,Kerry,Munster,147707,145,20,9,9
1586304000000,08/04/2020,Kildare,Leinster,222504,290,37,30,27
1586304000000,08/04/2020,Kilkenny,Leinster,99232,96,6,6,7
1586304000000,08/04/2020,Laois,Leinster,84697,49,12,6,5
1586304000000,08/04/2020,Leitrim,Connacht,32044,25,2,2,2
1586304000000,08/04/2020,Limerick,Munster,194899,186,13,14,13
1586304000000,08/04/2020,Longford,Leinster,40873,41,5,5,4
1586304000000,08/04/2020,Louth,Leinster,128884,116,10,10,9
1586304000000,08/04/2020,Mayo,Connacht,130507,153,19,9,14
1586304000000,08/04/2020,Meath,Leinster,195044,206,8,13,17
1586304000000,08/04/2020,Monaghan,Ulster,61386,69,6,4,7
1586304000000,08/04/2020,Offaly,Leinster,77961,88,7,5,6
1586304000000,08/04/2020,Roscommon,Connacht,64544,26,4,1,2
1586304000000,08/04/2020,Sligo,Connacht,65535,31,3,1,1
1586304000000,08/04/2020,Tipperary,Munster,159553,151,11,6,8
1586304000000,08/04/2020,Waterford,Munster,116176,60,4,4,2
1586304000000,08/04/2020,Westmeath,Leinster,88770,152,10,10,9
1586304000000,08/04/2020,Wexford,Leinster,149722,30,4,3,2
1586304000000,08/04/2020,Wicklow,Leinster,142425,237,30,22,19
1586390400000,09/04/2020,Carlow,Leinster,56932,22,3,2,2
1586390400000,09/04/2020,Cavan,Ulster,76176,169,18,13,15
1586390400000,09/04/2020,Clare,Munster,118817,85,16,6,4
1586390400000,09/04/2020,Cork,Munster,542868,581,78,50,40
1586390400000,09/04/2020,Donegal,Ulster,159192,167,22,16,12
1586390400000,09/04/2020,Dublin,Leinster,1347359,4156,283,296,272
1586390400000,09/04/2020,Galway,Connacht,258058,169,9,12,9
1586390400000,09/04/2020,Kerry,Munster,147707,155,10,11,10
1586390400000,09/04/2020,Kildare,Leinster,222504,332,42,33,28
1586390400000,09/04/2020,Kilkenny,Leinster,99232,115,19,9,9
1586390400000,09/04/2020,Laois,Leinster,84697,61,12,9,6
1586390400000,09/04/2020,Leitrim,Connacht,32044,31,6,4,3
1586390400000,09/04/2020,Limerick,Munster,194899,222,36,21,15
1586390400000,09/04/2020,Longford,Leinster,40873,45,4,3,4
1586390400000,09/04/2020,Louth,Leinster,128884,133,17,12,11
1586390400000,09/04/2020,Mayo,Connacht,130507,168,15,13,15
1586390400000,09/04/2020,Meath,Leinster,195044,230,24,16,20
1586390400000,09/04/2020,Monaghan,Ulster,61386,81,12,6,9
1586390400000,09/04/2020,Offaly,Leinster,77961,104,16,9,6
1586390400000,09/04/2020,Roscommon,Connacht,64544,27,1,2,2
1586390400000,09/04/2020,Sligo,Connacht,65535,39,8,4,2
1586390400000,09/04/2020,Tipperary,Munster,159553,166,15,10,9
1586390400000,09/04/2020,Waterford,Munster,116176,63,3,4,3
1586390400000,09/04/2020,Westmeath,Leinster,88770,181,29,16,13
1586390400000,09/04/2020,Wexford,Leinster,149722,39,9,5,3
1586390400000,09/04/2020,Wicklow,Leinster,142425,246,9,22,19
1586476800000,10/04/2020,Carlow,Leinster,56932,32,10,5,3
1586476800000,10/04/2020,Cavan,Ulster,76176,210,41,26,19
1586476800000,10/04/2020,Clare,Munster,118817,88,3,7,5
1586476800000,10/04/2020,Cork,Munster,542868,648,67,59,44
1586476800000,10/04/2020,Donegal,Ulster,159192,188,21,21,15
1586476800000,10/04/2020,Dublin,Leinster,1347359,4514,358,319,289
1586476800000,10/04/2020,Galway,Connacht,258058,178,9,15,10
1586476800000,10/04/2020,Kerry,Munster,147707,170,15,15,12
1586476800000,10/04/2020,Kildare,Leinster,222504,360,28,36,30
1586476800000,10/04/2020,Kilkenny,Leinster,99232,124,9,11,7
1586476800000,10/04/2020,Laois,Leinster,84697,71,10,11,7
1586476800000,10/04/2020,Leitrim,Connacht,32044,32,1,3,3
1586476800000,10/04/2020,Limerick,Munster,194899,234,12,20,15
1586476800000,10/04/2020,Longford,Leinster,40873,49,4,4,5
1586476800000,10/04/2020,Louth,Leinster,128884,143,10,12,11
1586476800000,10/04/2020,Mayo,Connacht,130507,183,15,16,15
1586476800000,10/04/2020,Meath,Leinster,195044,249,19,17,20
1586476800000,10/04/2020,Monaghan,Ulster,61386,88,7,8,9
1586476800000,10/04/2020,Offaly,Leinster,77961,119,15,13,8
1586476800000,10/04/2020,Roscommon,Connacht,64544,31,4,3,2
1586476800000,10/04/2020,Sligo,Connacht,65535,45,6,6,2
1586476800000,10/04/2020,Tipperary,Munster,159553,175,9,12,8
1586476800000,10/04/2020,Waterford,Munster,116176,67,4,4,3
1586476800000,10/04/2020,Westmeath,Leinster,88770,192,11,17,14
1586476800000,10/04/2020,Wexford,Leinster,149722,43,4,6,3
1586476800000,10/04/2020,Wicklow,Leinster,142425,263,17,19,19
1586563200000,11/04/2020,Carlow,Leinster,56932,38,6,6,4
1586563200000,11/04/2020,Cavan,Ulster,76176,222,12,24,15
1586563200000,11/04/2020,Clare,Munster,118817,98,10,10,5
1586563200000,11/04/2020,Cork,Munster,542868,730,82,76,53
1586563200000,11/04/2020,Donegal,Ulster,159192,225,37,27,17
1586563200000,11/04/2020,Dublin,Leinster,1347359,5006,492,378,331
1586563200000,11/04/2020,Galway,Connacht,258058,197,19,12,12
1586563200000,11/04/2020,Kerry,Munster,147707,200,30,18,16
1586563200000,11/04/2020,Kildare,Leinster,222504,404,44,38,33
1586563200000,11/04/2020,Kilkenny,Leinster,99232,136,12,13,9
1586563200000,11/04/2020,Laois,Leinster,84697,88,17,13,9
1586563200000,11/04/2020,Leitrim,Connacht,32044,32,0,2,3
1586563200000,11/04/2020,Limerick,Munster,194899,252,18,22,16
1586563200000,11/04/2020,Longford,Leinster,40873,56,7,5,5
1586563200000,11/04/2020,Louth,Leinster,128884,195,52,26,19
1586563200000,11/04/2020,Mayo,Connacht,130507,194,11,14,12
1586563200000,11/04/2020,Meath,Leinster,195044,289,40,28,21
1586563200000,11/04/2020,Monaghan,Ulster,61386,95,7,9,6
1586563200000,11/04/2020,Offaly,Leinster,77961,133,14,15,10
1586563200000,11/04/2020,Roscommon,Connacht,64544,39,8,4,3
1586563200000,11/04/2020,Sligo,Connacht,65535,45,0,5,2
1586563200000,11/04/2020,Tipperary,Munster,159553,200,25,16,11
1586563200000,11/04/2020,Waterford,Munster,116176,73,6,4,3
1586563200000,11/04/2020,Westmeath,Leinster,88770,213,21,20,15
1586563200000,11/04/2020,Wexford,Leinster,149722,52,9,7,4
1586563200000,11/04/2020,Wicklow,Leinster,142425,272,9,12,19
1586649600000,12/04/2020,Carlow,Leinster,56932,44,6,7,5
1586649600000,12/04/2020,Cavan,Ulster,76176,245,23,25,17
1586649600000,12/04/2020,Clare,Munster,118817,106,8,7,6
1586649600000,12/04/2020,Cork,Munster,542868,780,50,66,51
1586649600000,12/04/2020,Donegal,Ulster,159192,264,39,32,21
1586649600000,12/04/2020,Dublin,Leinster,1347359,5438,432,427,340
1586649600000,12/04/2020,Galway,Connacht,258058,220,23,17,13
1586649600000,12/04/2020,Kerry,Munster,147707,219,19,21,15
1586649600000,12/04/2020,Kildare,Leinster,222504,443,39,37,35
1586649600000,12/04/2020,Kilkenny,Leinster,99232,144,8,10,9
1586649600000,12/04/2020,Laois,Leinster,84697,101,13,13,10
1586649600000,12/04/2020,Leitrim,Connacht,32044,36,4,2,3
1586649600000,12/04/2020,Limerick,Munster,194899,265,13,14,17
1586649600000,12/04/2020,Longford,Leinster,40873,58,2,4,5
1586649600000,12/04/2020,Louth,Leinster,128884,208,13,25,18
1586649600000,12/04/2020,Mayo,Connacht,130507,198,4,10,10
1586649600000,12/04/2020,Meath,Leinster,195044,342,53,37,25
1586649600000,12/04/2020,Monaghan,Ulster,61386,123,28,14,9
1586649600000,12/04/2020,Offaly,Leinster,77961,144,11,13,10
1586649600000,12/04/2020,Roscommon,Connacht,64544,48,9,7,4
1586649600000,12/04/2020,Sligo,Connacht,65535,52,7,4,3
1586649600000,12/04/2020,Tipperary,Munster,159553,219,19,18,12
1586649600000,12/04/2020,Waterford,Munster,116176,81,8,6,5
1586649600000,12/04/2020,Westmeath,Leinster,88770,234,21,18,16
1586649600000,12/04/2020,Wexford,Leinster,149722,56,4,6,5
1586649600000,12/04/2020,Wicklow,Leinster,142425,317,45,24,21
1586736000000,13/04/2020,Carlow,Leinster,56932,53,9,7,5
1586736000000,13/04/2020,Cavan,Ulster,76176,254,9,15,18
1586736000000,13/04/2020,Clare,Munster,118817,113,7,8,7
1586736000000,13/04/2020,Cork,Munster,542868,829,49,60,57
1586736000000,13/04/2020,Donegal,Ulster,159192,296,32,36,25
1586736000000,13/04/2020,Dublin,Leinster,1347359,5850,412,445,369
1586736000000,13/04/2020,Galway,Connacht,258058,237,17,20,15
1586736000000,13/04/2020,Kerry,Munster,147707,226,7,19,15
1586736000000,13/04/2020,Kildare,Leinster,222504,509,66,50,39
1586736000000,13/04/2020,Kilkenny,Leinster,99232,164,20,13,11
1586736000000,13/04/2020,Laois,Leinster,84697,118,17,16,12
1586736000000,13/04/2020,Leitrim,Connacht,32044,40,4,3,3
1586736000000,13/04/2020,Limerick,Munster,194899,285,20,17,18
1586736000000,13/04/2020,Longford,Leinster,40873,69,11,7,5
1586736000000,13/04/2020,Louth,Leinster,128884,236,28,31,20
1586736000000,13/04/2020,Mayo,Connacht,130507,216,18,11,12
1586736000000,13/04/2020,Meath,Leinster,195044,369,27,40,27
1586736000000,13/04/2020,Monaghan,Ulster,61386,147,24,20,12
1586736000000,13/04/2020,Offaly,Leinster,77961,150,6,10,10
1586736000000,13/04/2020,Roscommon,Connacht,64544,50,2,6,4
1586736000000,13/04/2020,Sligo,Connacht,65535,62,10,6,5
1586736000000,13/04/2020,Tipperary,Munster,159553,237,18,21,14
1586736000000,13/04/2020,Waterford,Munster,116176,90,9,8,5
1586736000000,13/04/2020,Westmeath,Leinster,88770,258,24,22,18
1586736000000,13/04/2020,Wexford,Leinster,149722,61,5,6,5
1586736000000,13/04/2020,Wicklow,Leinster,142425,342,25,26,23
1586822400000,14/04/2020,Carlow,Leinster,56932,59,6,7,6
1586822400000,14/04/2020,Cavan,Ulster,76176,310,56,29,25
1586822400000,14/04/2020,Clare,Munster,118817,119,6,7,7
1586822400000,14/04/2020,Cork,Munster,542868,916,87,62,63
1586822400000,14/04/2020,Donegal,Ulster,159192,320,24,32,28
1586822400000,14/04/2020,Dublin,Leinster,1347359,6337,487,444,397
1586822400000,14/04/2020,Galway,Connacht,258058,260,23,21,18
1586822400000,14/04/2020,Kerry,Munster,147707,246,20,15,17
1586822400000,14/04/2020,Kildare,Leinster,222504,567,58,54,45
1586822400000,14/04/2020,Kilkenny,Leinster,99232,173,9,12,12
1586822400000,14/04/2020,Laois,Leinster,84697,133,15,15,14
1586822400000,14/04/2020,Leitrim,Connacht,32044,43,3,4,3
1586822400000,14/04/2020,Limerick,Munster,194899,307,22,18,19
1586822400000,14/04/2020,Longford,Leinster,40873,77,8,7,6
1586822400000,14/04/2020,Louth,Leinster,128884,350,114,52,35
1586822400000,14/04/2020,Mayo,Connacht,130507,249,33,18,16
1586822400000,14/04/2020,Meath,Leinster,195044,405,36,39,30
1586822400000,14/04/2020,Monaghan,Ulster,61386,161,14,22,14
1586822400000,14/04/2020,Offaly,Leinster,77961,163,13,10,12
1586822400000,14/04/2020,Roscommon,Connacht,64544,57,7,6,5
1586822400000,14/04/2020,Sligo,Connacht,65535,66,4,7,5
1586822400000,14/04/2020,Tipperary,Munster,159553,251,14,17,16
1586822400000,14/04/2020,Waterford,Munster,116176,101,11,9,6
1586822400000,14/04/2020,Westmeath,Leinster,88770,309,51,32,24
1586822400000,14/04/2020,Wexford,Leinster,149722,71,10,6,6
1586822400000,14/04/2020,Wicklow,Leinster,142425,375,33,34,24
1586908800000,15/04/2020,Carlow,Leinster,56932,59,0,5,6
1586908800000,15/04/2020,Cavan,Ulster,76176,345,35,33,28
1586908800000,15/04/2020,Clare,Munster,118817,136,17,10,10
1586908800000,15/04/2020,Cork,Munster,542868,945,29,55,63
1586908800000,15/04/2020,Donegal,Ulster,159192,352,32,29,30
1586908800000,15/04/2020,Dublin,Leinster,1347359,6567,230,376,385
1586908800000,15/04/2020,Galway,Connacht,258058,266,6,15,15
1586908800000,15/04/2020,Kerry,Munster,147707,254,8,12,16
1586908800000,15/04/2020,Kildare,Leinster,222504,621,54,59,47
1586908800000,15/04/2020,Kilkenny,Leinster,99232,179,6,12,12
1586908800000,15/04/2020,Laois,Leinster,84697,139,6,13,13
1586908800000,15/04/2020,Leitrim,Connacht,32044,46,3,3,3
1586908800000,15/04/2020,Limerick,Munster,194899,343,36,26,22
1586908800000,15/04/2020,Longford,Leinster,40873,79,2,7,5
1586908800000,15/04/2020,Louth,Leinster,128884,384,34,59,38
1586908800000,15/04/2020,Mayo,Connacht,130507,259,10,20,15
1586908800000,15/04/2020,Meath,Leinster,195044,421,16,26,31
1586908800000,15/04/2020,Monaghan,Ulster,61386,166,5,14,14
1586908800000,15/04/2020,Offaly,Leinster,77961,171,8,9,12
1586908800000,15/04/2020,Roscommon,Connacht,64544,61,4,4,5
1586908800000,15/04/2020,Sligo,Connacht,65535,69,3,6,5
1586908800000,15/04/2020,Tipperary,Munster,159553,270,19,17,17
1586908800000,15/04/2020,Waterford,Munster,116176,102,1,7,6
1586908800000,15/04/2020,Westmeath,Leinster,88770,318,9,28,24
1586908800000,15/04/2020,Wexford,Leinster,149722,76,5,7,7
1586908800000,15/04/2020,Wicklow,Leinster,142425,384,9,22,21
1586995200000,16/04/2020,Carlow,Leinster,56932,69,10,5,7
1586995200000,16/04/2020,Cavan,Ulster,76176,353,8,33,26
1586995200000,16/04/2020,Clare,Munster,118817,151,15,13,9
1586995200000,16/04/2020,Cork,Munster,542868,979,34,50,57
1586995200000,16/04/2020,Donegal,Ulster,159192,369,17,24,29
1586995200000,16/04/2020,Dublin,Leinster,1347359,6934,367,361,397
1586995200000,16/04/2020,Galway,Connacht,258058,273,7,12,15
1586995200000,16/04/2020,Kerry,Munster,147707,256,2,10,14
1586995200000,16/04/2020,Kildare,Leinster,222504,684,63,58,50
1586995200000,16/04/2020,Kilkenny,Leinster,99232,188,9,8,10
1586995200000,16/04/2020,Laois,Leinster,84697,147,8,10,12
1586995200000,16/04/2020,Leitrim,Connacht,32044,46,0,2,2
1586995200000,16/04/2020,Limerick,Munster,194899,382,39,32,23
1586995200000,16/04/2020,Longford,Leinster,40873,83,4,5,5
1586995200000,16/04/2020,Louth,Leinster,128884,406,22,57,39
1586995200000,16/04/2020,Mayo,Connacht,130507,273,14,19,15
1586995200000,16/04/2020,Meath,Leinster,195044,461,40,31,33
1586995200000,16/04/2020,Monaghan,Ulster,61386,170,4,8,13
1586995200000,16/04/2020,Offaly,Leinster,77961,177,6,9,10
1586995200000,16/04/2020,Roscommon,Connacht,64544,74,13,8,7
1586995200000,16/04/2020,Sligo,Connacht,65535,70,1,3,4
1586995200000,16/04/2020,Tipperary,Munster,159553,283,13,15,17
1586995200000,16/04/2020,Waterford,Munster,116176,110,8,7,7
1586995200000,16/04/2020,Westmeath,Leinster,88770,332,14,25,22
1586995200000,16/04/2020,Wexford,Leinster,149722,85,9,8,7
1586995200000,16/04/2020,Wicklow,Leinster,142425,391,7,16,21
1587081600000,17/04/2020,Carlow,Leinster,56932,71,2,4,6
1587081600000,17/04/2020,Cavan,Ulster,76176,386,33,25,25
1587081600000,17/04/2020,Clare,Munster,118817,153,2,11,9
1587081600000,17/04/2020,Cork,Munster,542868,1028,49,37,54
1587081600000,17/04/2020,Donegal,Ulster,159192,376,7,19,27
1587081600000,17/04/2020,Dublin,Leinster,1347359,7379,445,347,409
1587081600000,17/04/2020,Galway,Connacht,258058,283,10,8,15
1587081600000,17/04/2020,Kerry,Munster,147707,262,6,5,13
1587081600000,17/04/2020,Kildare,Leinster,222504,763,79,65,58
1587081600000,17/04/2020,Kilkenny,Leinster,99232,197,9,8,10
1587081600000,17/04/2020,Laois,Leinster,84697,168,21,12,14
1587081600000,17/04/2020,Leitrim,Connacht,32044,47,1,1,2
1587081600000,17/04/2020,Limerick,Munster,194899,384,2,26,21
1587081600000,17/04/2020,Longford,Leinster,40873,88,5,4,6
1587081600000,17/04/2020,Louth,Leinster,128884,405,-1,18,37
1587081600000,17/04/2020,Mayo,Connacht,130507,312,39,21,18
1587081600000,17/04/2020,Meath,Leinster,195044,500,39,32,36
1587081600000,17/04/2020,Monaghan,Ulster,61386,174,4,4,12
1587081600000,17/04/2020,Offaly,Leinster,77961,187,10,8,10
1587081600000,17/04/2020,Roscommon,Connacht,64544,76,2,6,6
1587081600000,17/04/2020,Sligo,Connacht,65535,76,6,3,4
1587081600000,17/04/2020,Tipperary,Munster,159553,292,9,14,17
1587081600000,17/04/2020,Waterford,Munster,116176,112,2,4,6
1587081600000,17/04/2020,Westmeath,Leinster,88770,358,26,16,24
1587081600000,17/04/2020,Wexford,Leinster,149722,98,13,9,8
1587081600000,17/04/2020,Wicklow,Leinster,142425,437,46,21,25
1587168000000,18/04/2020,Carlow,Leinster,56932,78,7,6,6
1587168000000,18/04/2020,Cavan,Ulster,76176,401,15,19,26
1587168000000,18/04/2020,Clare,Munster,118817,160,7,8,9
1587168000000,18/04/2020,Cork,Munster,542868,1047,19,34,45
1587168000000,18/04/2020,Donegal,Ulster,159192,383,7,10,23
1587168000000,18/04/2020,Dublin,Leinster,1347359,7666,287,366,380
1587168000000,18/04/2020,Galway,Connacht,258058,294,11,9,14
1587168000000,18/04/2020,Kerry,Munster,147707,268,6,5,10
1587168000000,18/04/2020,Kildare,Leinster,222504,817,54,65,59
1587168000000,18/04/2020,Kilkenny,Leinster,99232,206,9,9,10
1587168000000,18/04/2020,Laois,Leinster,84697,170,2,10,12
1587168000000,18/04/2020,Leitrim,Connacht,32044,49,2,1,2
1587168000000,18/04/2020,Limerick,Munster,194899,401,17,19,21
1587168000000,18/04/2020,Longford,Leinster,40873,91,3,4,5
1587168000000,18/04/2020,Louth,Leinster,128884,437,32,18,35
1587168000000,18/04/2020,Mayo,Connacht,130507,332,20,24,20
1587168000000,18/04/2020,Meath,Leinster,195044,513,13,31,32
1587168000000,18/04/2020,Monaghan,Ulster,61386,187,13,7,13
1587168000000,18/04/2020,Offaly,Leinster,77961,190,3,6,8
1587168000000,18/04/2020,Roscommon,Connacht,64544,91,15,10,7
1587168000000,18/04/2020,Sligo,Connacht,65535,78,2,3,5
1587168000000,18/04/2020,Tipperary,Munster,159553,300,8,10,14
1587168000000,18/04/2020,Waterford,Munster,116176,113,1,4,6
1587168000000,18/04/2020,Westmeath,Leinster,88770,369,11,17,22
1587168000000,18/04/2020,Wexford,Leinster,149722,100,2,8,7
1587168000000,18/04/2020,Wicklow,Leinster,142425,444,7,20,25
1587254400000,19/04/2020,Carlow,Leinster,56932,79,1,3,5
1587254400000,19/04/2020,Cavan,Ulster,76176,403,2,17,23
1587254400000,19/04/2020,Clare,Munster,118817,164,4,4,8
1587254400000,19/04/2020,Cork,Munster,542868,1053,6,25,39
1587254400000,19/04/2020,Donegal,Ulster,159192,392,9,8,18
1587254400000,19/04/2020,Dublin,Leinster,1347359,7781,115,282,335
1587254400000,19/04/2020,Galway,Connacht,258058,294,0,7,11
1587254400000,19/04/2020,Kerry,Munster,147707,268,0,4,7
1587254400000,19/04/2020,Kildare,Leinster,222504,822,5,46,54
1587254400000,19/04/2020,Kilkenny,Leinster,99232,210,4,7,9
1587254400000,19/04/2020,Laois,Leinster,84697,177,7,10,11
1587254400000,19/04/2020,Leitrim,Connacht,32044,54,5,3,3
1587254400000,19/04/2020,Limerick,Munster,194899,409,8,9,21
1587254400000,19/04/2020,Longford,Leinster,40873,94,3,4,5
1587254400000,19/04/2020,Louth,Leinster,128884,469,32,21,37
1587254400000,19/04/2020,Mayo,Connacht,130507,335,3,21,20
1587254400000,19/04/2020,Meath,Leinster,195044,522,9,20,26
1587254400000,19/04/2020,Monaghan,Ulster,61386,199,12,10,11
1587254400000,19/04/2020,Offaly,Leinster,77961,195,5,6,7
1587254400000,19/04/2020,Roscommon,Connacht,64544,91,0,6,6
1587254400000,19/04/2020,Sligo,Connacht,65535,93,15,8,6
1587254400000,19/04/2020,Tipperary,Munster,159553,306,6,8,12
1587254400000,19/04/2020,Waterford,Munster,116176,117,4,2,5
1587254400000,19/04/2020,Westmeath,Leinster,88770,377,8,15,20
1587254400000,19/04/2020,Wexford,Leinster,149722,114,14,10,8
1587254400000,19/04/2020,Wicklow,Leinster,142425,446,2,18,18
1587340800000,20/04/2020,Carlow,Leinster,56932,80,1,3,4
1587340800000,20/04/2020,Cavan,Ulster,76176,430,27,15,25
1587340800000,20/04/2020,Clare,Munster,118817,165,1,4,7
1587340800000,20/04/2020,Cork,Munster,542868,1077,24,16,35
1587340800000,20/04/2020,Donegal,Ulster,159192,416,24,13,17
1587340800000,20/04/2020,Dublin,Leinster,1347359,7905,124,175,294
1587340800000,20/04/2020,Galway,Connacht,258058,309,15,9,10
1587340800000,20/04/2020,Kerry,Munster,147707,268,0,2,6
1587340800000,20/04/2020,Kildare,Leinster,222504,851,29,29,49
1587340800000,20/04/2020,Kilkenny,Leinster,99232,216,6,6,7
1587340800000,20/04/2020,Laois,Leinster,84697,185,8,6,10
1587340800000,20/04/2020,Leitrim,Connacht,32044,55,1,3,2
1587340800000,20/04/2020,Limerick,Munster,194899,415,6,10,19
1587340800000,20/04/2020,Longford,Leinster,40873,101,7,4,5
1587340800000,20/04/2020,Louth,Leinster,128884,489,20,28,36
1587340800000,20/04/2020,Mayo,Connacht,130507,339,4,9,18
1587340800000,20/04/2020,Meath,Leinster,195044,539,17,13,24
1587340800000,20/04/2020,Monaghan,Ulster,61386,220,21,15,10
1587340800000,20/04/2020,Offaly,Leinster,77961,198,3,4,7
1587340800000,20/04/2020,Roscommon,Connacht,64544,91,0,5,6
1587340800000,20/04/2020,Sligo,Connacht,65535,97,4,7,5
1587340800000,20/04/2020,Tipperary,Munster,159553,320,14,9,12
1587340800000,20/04/2020,Waterford,Munster,116176,119,2,2,4
1587340800000,20/04/2020,Westmeath,Leinster,88770,386,9,9,18
1587340800000,20/04/2020,Wexford,Leinster,149722,137,23,13,11
1587340800000,20/04/2020,Wicklow,Leinster,142425,463,17,9,17
1587427200000,21/04/2020,Carlow,Leinster,56932,84,4,2,4
1587427200000,21/04/2020,Cavan,Ulster,76176,466,36,22,22
1587427200000,21/04/2020,Clare,Munster,118817,187,22,9,10
1587427200000,21/04/2020,Cork,Munster,542868,1087,10,13,24
1587427200000,21/04/2020,Donegal,Ulster,159192,431,15,16,16
1587427200000,21/04/2020,Dublin,Leinster,1347359,8216,311,183,268
1587427200000,21/04/2020,Galway,Connacht,258058,315,6,7,8
1587427200000,21/04/2020,Kerry,Munster,147707,271,3,1,4
1587427200000,21/04/2020,Kildare,Leinster,222504,875,24,19,44
1587427200000,21/04/2020,Kilkenny,Leinster,99232,222,6,5,7
1587427200000,21/04/2020,Laois,Leinster,84697,192,7,7,8
1587427200000,21/04/2020,Leitrim,Connacht,32044,56,1,2,2
1587427200000,21/04/2020,Limerick,Munster,194899,420,5,6,16
1587427200000,21/04/2020,Longford,Leinster,40873,102,1,4,4
1587427200000,21/04/2020,Louth,Leinster,128884,506,17,23,22
1587427200000,21/04/2020,Mayo,Connacht,130507,365,26,11,17
1587427200000,21/04/2020,Meath,Leinster,195044,550,11,12,21
1587427200000,21/04/2020,Monaghan,Ulster,61386,249,29,21,13
1587427200000,21/04/2020,Offaly,Leinster,77961,205,7,5,6
1587427200000,21/04/2020,Roscommon,Connacht,64544,92,1,0,5
1587427200000,21/04/2020,Sligo,Connacht,65535,98,1,7,5
1587427200000,21/04/2020,Tipperary,Munster,159553,327,7,9,11
1587427200000,21/04/2020,Waterford,Munster,116176,122,3,3,3
1587427200000,21/04/2020,Westmeath,Leinster,88770,395,9,9,12
1587427200000,21/04/2020,Wexford,Leinster,149722,137,0,12,9
1587427200000,21/04/2020,Wicklow,Leinster,142425,469,6,8,13
1587513600000,22/04/2020,Carlow,Leinster,56932,86,2,2,4
1587513600000,22/04/2020,Cavan,Ulster,76176,506,40,34,23
1587513600000,22/04/2020,Clare,Munster,118817,206,19,14,10
1587513600000,22/04/2020,Cork,Munster,542868,1096,9,14,22
1587513600000,22/04/2020,Donegal,Ulster,159192,440,9,16,13
1587513600000,22/04/2020,Dublin,Leinster,1347359,8729,513,316,309
1587513600000,22/04/2020,Galway,Connacht,258058,331,16,12,9
1587513600000,22/04/2020,Kerry,Munster,147707,271,0,1,2
1587513600000,22/04/2020,Kildare,Leinster,222504,954,79,44,48
1587513600000,22/04/2020,Kilkenny,Leinster,99232,227,5,6,7
1587513600000,22/04/2020,Laois,Leinster,84697,202,10,8,9
1587513600000,22/04/2020,Leitrim,Connacht,32044,62,6,3,2
1587513600000,22/04/2020,Limerick,Munster,194899,439,19,10,14
1587513600000,22/04/2020,Longford,Leinster,40873,102,0,3,3
1587513600000,22/04/2020,Louth,Leinster,128884,536,30,22,22
1587513600000,22/04/2020,Mayo,Connacht,130507,391,26,19,19
1587513600000,22/04/2020,Meath,Leinster,195044,568,18,15,21
1587513600000,22/04/2020,Monaghan,Ulster,61386,318,69,40,22
1587513600000,22/04/2020,Offaly,Leinster,77961,217,12,7,7
1587513600000,22/04/2020,Roscommon,Connacht,64544,111,19,7,7
1587513600000,22/04/2020,Sligo,Connacht,65535,105,7,4,5
1587513600000,22/04/2020,Tipperary,Munster,159553,343,16,12,10
1587513600000,22/04/2020,Waterford,Munster,116176,122,0,2,3
1587513600000,22/04/2020,Westmeath,Leinster,88770,409,14,11,13
1587513600000,22/04/2020,Wexford,Leinster,149722,143,6,10,10
1587513600000,22/04/2020,Wicklow,Leinster,142425,506,37,20,17
1587600000000,23/04/2020,Carlow,Leinster,56932,88,2,3,3
1587600000000,23/04/2020,Cavan,Ulster,76176,536,30,35,26
1587600000000,23/04/2020,Clare,Munster,118817,207,1,14,8
1587600000000,23/04/2020,Cork,Munster,542868,1103,7,9,18
1587600000000,23/04/2020,Donegal,Ulster,159192,437,-3,7,10
1587600000000,23/04/2020,Dublin,Leinster,1347359,9010,281,368,297
1587600000000,23/04/2020,Galway,Connacht,258058,332,1,8,8
1587600000000,23/04/2020,Kerry,Munster,147707,276,5,3,3
1587600000000,23/04/2020,Kildare,Leinster,222504,1003,49,51,46
1587600000000,23/04/2020,Kilkenny,Leinster,99232,229,2,4,6
1587600000000,23/04/2020,Laois,Leinster,84697,204,2,6,8
1587600000000,23/04/2020,Leitrim,Connacht,32044,62,0,2,2
1587600000000,23/04/2020,Limerick,Munster,194899,441,2,9,8
1587600000000,23/04/2020,Longford,Leinster,40873,113,11,4,4
1587600000000,23/04/2020,Louth,Leinster,128884,590,54,34,26
1587600000000,23/04/2020,Mayo,Connacht,130507,395,4,19,17
1587600000000,23/04/2020,Meath,Leinster,195044,578,10,13,17
1587600000000,23/04/2020,Monaghan,Ulster,61386,327,9,36,22
1587600000000,23/04/2020,Offaly,Leinster,77961,222,5,8,6
1587600000000,23/04/2020,Roscommon,Connacht,64544,114,3,8,6
1587600000000,23/04/2020,Sligo,Connacht,65535,104,-1,2,5
1587600000000,23/04/2020,Tipperary,Munster,159553,345,2,8,9
1587600000000,23/04/2020,Waterford,Munster,116176,129,7,3,3
1587600000000,23/04/2020,Westmeath,Leinster,88770,421,12,12,13
1587600000000,23/04/2020,Wexford,Leinster,149722,151,8,5,9
1587600000000,23/04/2020,Wicklow,Leinster,142425,558,52,32,24
1587686400000,24/04/2020,Carlow,Leinster,56932,91,3,2,3
1587686400000,24/04/2020,Cavan,Ulster,76176,574,38,36,27
1587686400000,24/04/2020,Clare,Munster,118817,209,2,7,8
1587686400000,24/04/2020,Cork,Munster,542868,1110,7,8,12
1587686400000,24/04/2020,Donegal,Ulster,159192,446,9,5,10
1587686400000,24/04/2020,Dublin,Leinster,1347359,9224,214,336,264
1587686400000,24/04/2020,Galway,Connacht,258058,332,0,6,7
1587686400000,24/04/2020,Kerry,Munster,147707,277,1,2,2
1587686400000,24/04/2020,Kildare,Leinster,222504,1028,25,51,38
1587686400000,24/04/2020,Kilkenny,Leinster,99232,230,1,3,5
1587686400000,24/04/2020,Laois,Leinster,84697,205,1,4,5
1587686400000,24/04/2020,Leitrim,Connacht,32044,64,2,3,2
1587686400000,24/04/2020,Limerick,Munster,194899,442,1,7,8
1587686400000,24/04/2020,Longford,Leinster,40873,124,11,7,5
1587686400000,24/04/2020,Louth,Leinster,128884,597,7,30,27
1587686400000,24/04/2020,Mayo,Connacht,130507,435,40,23,18
1587686400000,24/04/2020,Meath,Leinster,195044,613,35,21,16
1587686400000,24/04/2020,Monaghan,Ulster,61386,350,23,34,25
1587686400000,24/04/2020,Offaly,Leinster,77961,225,3,7,5
1587686400000,24/04/2020,Roscommon,Connacht,64544,116,2,8,6
1587686400000,24/04/2020,Sligo,Connacht,65535,104,0,2,4
1587686400000,24/04/2020,Tipperary,Munster,159553,346,1,6,8
1587686400000,24/04/2020,Waterford,Munster,116176,135,6,4,3
1587686400000,24/04/2020,Westmeath,Leinster,88770,437,16,14,11
1587686400000,24/04/2020,Wexford,Leinster,149722,156,5,6,8
1587686400000,24/04/2020,Wicklow,Leinster,142425,561,3,31,18
1587772800000,25/04/2020,Carlow,Leinster,56932,92,1,2,2
1587772800000,25/04/2020,Cavan,Ulster,76176,609,35,34,30
1587772800000,25/04/2020,Clare,Munster,118817,212,3,2,7
1587772800000,25/04/2020,Cork,Munster,542868,1125,15,10,11
1587772800000,25/04/2020,Donegal,Ulster,159192,452,6,4,10
1587772800000,25/04/2020,Dublin,Leinster,1347359,9532,308,268,267
1587772800000,25/04/2020,Galway,Connacht,258058,335,3,1,6
1587772800000,25/04/2020,Kerry,Munster,147707,288,11,6,3
1587772800000,25/04/2020,Kildare,Leinster,222504,1127,99,58,44
1587772800000,25/04/2020,Kilkenny,Leinster,99232,233,3,2,4
1587772800000,25/04/2020,Laois,Leinster,84697,205,0,1,5
1587772800000,25/04/2020,Leitrim,Connacht,32044,66,2,1,2
1587772800000,25/04/2020,Limerick,Munster,194899,457,15,6,8
1587772800000,25/04/2020,Longford,Leinster,40873,129,5,9,5
1587772800000,25/04/2020,Louth,Leinster,128884,627,30,30,27
1587772800000,25/04/2020,Mayo,Connacht,130507,464,29,24,19
1587772800000,25/04/2020,Meath,Leinster,195044,626,13,19,16
1587772800000,25/04/2020,Monaghan,Ulster,61386,373,23,18,27
1587772800000,25/04/2020,Offaly,Leinster,77961,228,3,4,5
1587772800000,25/04/2020,Roscommon,Connacht,64544,135,19,8,6
1587772800000,25/04/2020,Sligo,Connacht,65535,114,10,3,5
1587772800000,25/04/2020,Tipperary,Munster,159553,364,18,7,9
1587772800000,25/04/2020,Waterford,Munster,116176,137,2,5,3
1587772800000,25/04/2020,Westmeath,Leinster,88770,446,9,12,11
1587772800000,25/04/2020,Wexford,Leinster,149722,162,6,6,9
1587772800000,25/04/2020,Wicklow,Leinster,142425,557,-4,17,16
1587859200000,26/04/2020,Carlow,Leinster,56932,93,1,2,2
1587859200000,26/04/2020,Cavan,Ulster,76176,627,18,30,32
1587859200000,26/04/2020,Clare,Munster,118817,229,17,7,9
1587859200000,26/04/2020,Cork,Munster,542868,1126,1,8,10
1587859200000,26/04/2020,Donegal,Ulster,159192,453,1,5,9
1587859200000,26/04/2020,Dublin,Leinster,1347359,9624,92,205,263
1587859200000,26/04/2020,Galway,Connacht,258058,332,-3,0,5
1587859200000,26/04/2020,Kerry,Munster,147707,288,0,4,3
1587859200000,26/04/2020,Kildare,Leinster,222504,1147,20,48,46
1587859200000,26/04/2020,Kilkenny,Leinster,99232,233,0,1,3
1587859200000,26/04/2020,Laois,Leinster,84697,212,7,3,5
1587859200000,26/04/2020,Leitrim,Connacht,32044,67,1,2,2
1587859200000,26/04/2020,Limerick,Munster,194899,518,61,26,16
1587859200000,26/04/2020,Longford,Leinster,40873,135,6,7,6
1587859200000,26/04/2020,Louth,Leinster,128884,640,13,17,24
1587859200000,26/04/2020,Mayo,Connacht,130507,466,2,24,19
1587859200000,26/04/2020,Meath,Leinster,195044,638,12,20,17
1587859200000,26/04/2020,Monaghan,Ulster,61386,385,12,19,27
1587859200000,26/04/2020,Offaly,Leinster,77961,236,8,5,6
1587859200000,26/04/2020,Roscommon,Connacht,64544,141,6,9,7
1587859200000,26/04/2020,Sligo,Connacht,65535,117,3,4,3
1587859200000,26/04/2020,Tipperary,Munster,159553,370,6,8,9
1587859200000,26/04/2020,Waterford,Munster,116176,138,1,3,3
1587859200000,26/04/2020,Westmeath,Leinster,88770,448,2,9,10
1587859200000,26/04/2020,Wexford,Leinster,149722,162,0,4,7
1587859200000,26/04/2020,Wicklow,Leinster,142425,558,1,0,16
1587945600000,27/04/2020,Carlow,Leinster,56932,95,2,1,2
1587945600000,27/04/2020,Cavan,Ulster,76176,634,7,20,29
1587945600000,27/04/2020,Clare,Munster,118817,232,3,8,10
1587945600000,27/04/2020,Cork,Munster,542868,1136,10,9,8
1587945600000,27/04/2020,Donegal,Ulster,159192,454,1,3,5
1587945600000,27/04/2020,Dublin,Leinster,1347359,9751,127,176,264
1587945600000,27/04/2020,Galway,Connacht,258058,351,19,6,6
1587945600000,27/04/2020,Kerry,Munster,147707,292,4,5,3
1587945600000,27/04/2020,Kildare,Leinster,222504,1162,15,45,44
1587945600000,27/04/2020,Kilkenny,Leinster,99232,236,3,2,3
1587945600000,27/04/2020,Laois,Leinster,84697,216,4,4,4
1587945600000,27/04/2020,Leitrim,Connacht,32044,67,0,1,2
1587945600000,27/04/2020,Limerick,Munster,194899,532,14,30,17
1587945600000,27/04/2020,Longford,Leinster,40873,145,10,7,6
1587945600000,27/04/2020,Louth,Leinster,128884,652,12,18,23
1587945600000,27/04/2020,Mayo,Connacht,130507,478,12,14,20
1587945600000,27/04/2020,Meath,Leinster,195044,661,23,16,17
1587945600000,27/04/2020,Monaghan,Ulster,61386,388,3,13,24
1587945600000,27/04/2020,Offaly,Leinster,77961,264,28,13,9
1587945600000,27/04/2020,Roscommon,Connacht,64544,148,7,11,8
1587945600000,27/04/2020,Sligo,Connacht,65535,116,-1,4,3
1587945600000,27/04/2020,Tipperary,Munster,159553,389,19,14,10
1587945600000,27/04/2020,Waterford,Munster,116176,137,-1,1,3
1587945600000,27/04/2020,Westmeath,Leinster,88770,461,13,8,11
1587945600000,27/04/2020,Wexford,Leinster,149722,162,0,2,4
1587945600000,27/04/2020,Wicklow,Leinster,142425,564,6,1,14
1588032000000,28/04/2020,Carlow,Leinster,56932,95,0,1,2
1588032000000,28/04/2020,Cavan,Ulster,76176,634,0,8,24
1588032000000,28/04/2020,Clare,Munster,118817,232,0,7,6
1588032000000,28/04/2020,Cork,Munster,542868,1146,10,7,8
1588032000000,28/04/2020,Donegal,Ulster,159192,456,2,1,4
1588032000000,28/04/2020,Dublin,Leinster,1347359,9967,216,145,250
1588032000000,28/04/2020,Galway,Connacht,258058,355,4,7,6
1588032000000,28/04/2020,Kerry,Munster,147707,292,0,1,3
1588032000000,28/04/2020,Kildare,Leinster,222504,1193,31,22,45
1588032000000,28/04/2020,Kilkenny,Leinster,99232,242,6,3,3
1588032000000,28/04/2020,Laois,Leinster,84697,218,2,4,4
1588032000000,28/04/2020,Leitrim,Connacht,32044,68,1,1,2
1588032000000,28/04/2020,Limerick,Munster,194899,535,3,26,16
1588032000000,28/04/2020,Longford,Leinster,40873,146,1,6,6
1588032000000,28/04/2020,Louth,Leinster,128884,655,3,9,21
1588032000000,28/04/2020,Mayo,Connacht,130507,483,5,6,17
1588032000000,28/04/2020,Meath,Leinster,195044,671,10,15,17
1588032000000,28/04/2020,Monaghan,Ulster,61386,393,5,7,21
1588032000000,28/04/2020,Offaly,Leinster,77961,282,18,18,11
1588032000000,28/04/2020,Roscommon,Connacht,64544,150,2,5,8
1588032000000,28/04/2020,Sligo,Connacht,65535,116,0,1,3
1588032000000,28/04/2020,Tipperary,Munster,159553,415,26,17,13
1588032000000,28/04/2020,Waterford,Munster,116176,137,0,0,2
1588032000000,28/04/2020,Westmeath,Leinster,88770,474,13,9,11
1588032000000,28/04/2020,Wexford,Leinster,149722,167,5,2,4
1588032000000,28/04/2020,Wicklow,Leinster,142425,589,25,11,17
1588118400000,29/04/2020,Carlow,Leinster,56932,100,5,2,2
1588118400000,29/04/2020,Cavan,Ulster,76176,644,10,6,20
1588118400000,29/04/2020,Clare,Munster,118817,236,4,2,4
1588118400000,29/04/2020,Cork,Munster,542868,1154,8,9,8
1588118400000,29/04/2020,Donegal,Ulster,159192,458,2,2,3
1588118400000,29/04/2020,Dublin,Leinster,1347359,10170,203,182,206
1588118400000,29/04/2020,Galway,Connacht,258058,355,0,8,3
1588118400000,29/04/2020,Kerry,Munster,147707,293,1,2,3
1588118400000,29/04/2020,Kildare,Leinster,222504,1215,22,23,37
1588118400000,29/04/2020,Kilkenny,Leinster,99232,250,8,6,3
1588118400000,29/04/2020,Laois,Leinster,84697,224,6,4,3
1588118400000,29/04/2020,Leitrim,Connacht,32044,68,0,0,1
1588118400000,29/04/2020,Limerick,Munster,194899,548,13,10,16
1588118400000,29/04/2020,Longford,Leinster,40873,149,3,5,7
1588118400000,29/04/2020,Louth,Leinster,128884,659,4,6,18
1588118400000,29/04/2020,Mayo,Connacht,130507,485,2,6,13
1588118400000,29/04/2020,Meath,Leinster,195044,681,10,14,16
1588118400000,29/04/2020,Monaghan,Ulster,61386,399,6,5,12
1588118400000,29/04/2020,Offaly,Leinster,77961,284,2,16,10
1588118400000,29/04/2020,Roscommon,Connacht,64544,151,1,3,6
1588118400000,29/04/2020,Sligo,Connacht,65535,116,0,0,2
1588118400000,29/04/2020,Tipperary,Munster,159553,468,53,33,18
1588118400000,29/04/2020,Waterford,Munster,116176,138,1,0,2
1588118400000,29/04/2020,Westmeath,Leinster,88770,487,13,13,11
1588118400000,29/04/2020,Wexford,Leinster,149722,179,12,6,5
1588118400000,29/04/2020,Wicklow,Leinster,142425,599,10,14,13
1588204800000,30/04/2020,Carlow,Leinster,56932,100,0,2,2
1588204800000,30/04/2020,Cavan,Ulster,76176,656,12,7,17
1588204800000,30/04/2020,Clare,Munster,118817,237,1,2,4
1588204800000,30/04/2020,Cork,Munster,542868,1156,2,7,8
1588204800000,30/04/2020,Donegal,Ulster,159192,459,1,2,3
1588204800000,30/04/2020,Dublin,Leinster,1347359,10277,107,175,181
1588204800000,30/04/2020,Galway,Connacht,258058,357,2,2,4
1588204800000,30/04/2020,Kerry,Munster,147707,294,1,1,3
1588204800000,30/04/2020,Kildare,Leinster,222504,1226,11,21,32
1588204800000,30/04/2020,Kilkenny,Leinster,99232,254,4,6,4
1588204800000,30/04/2020,Laois,Leinster,84697,230,6,5,4
1588204800000,30/04/2020,Leitrim,Connacht,32044,68,0,0,1
1588204800000,30/04/2020,Limerick,Munster,194899,564,16,11,18
1588204800000,30/04/2020,Longford,Leinster,40873,150,1,2,5
1588204800000,30/04/2020,Louth,Leinster,128884,667,8,5,11
1588204800000,30/04/2020,Mayo,Connacht,130507,488,3,3,13
1588204800000,30/04/2020,Meath,Leinster,195044,687,6,9,16
1588204800000,30/04/2020,Monaghan,Ulster,61386,403,4,5,11
1588204800000,30/04/2020,Offaly,Leinster,77961,293,9,10,10
1588204800000,30/04/2020,Roscommon,Connacht,64544,160,9,4,7
1588204800000,30/04/2020,Sligo,Connacht,65535,118,2,1,2
1588204800000,30/04/2020,Tipperary,Munster,159553,473,5,28,18
1588204800000,30/04/2020,Waterford,Munster,116176,138,0,0,1
1588204800000,30/04/2020,Westmeath,Leinster,88770,500,13,13,11
1588204800000,30/04/2020,Wexford,Leinster,149722,183,4,7,5
1588204800000,30/04/2020,Wicklow,Leinster,142425,604,5,13,7
1588291200000,01/05/2020,Carlow,Leinster,56932,126,26,10,5
1588291200000,01/05/2020,Cavan,Ulster,76176,673,17,13,14
1588291200000,01/05/2020,Clare,Munster,118817,240,3,3,4
1588291200000,01/05/2020,Cork,Munster,542868,1164,8,6,8
1588291200000,01/05/2020,Donegal,Ulster,159192,461,2,2,2
1588291200000,01/05/2020,Dublin,Leinster,1347359,10406,129,146,169
1588291200000,01/05/2020,Galway,Connacht,258058,365,8,3,5
1588291200000,01/05/2020,Kerry,Munster,147707,295,1,1,3
1588291200000,01/05/2020,Kildare,Leinster,222504,1242,16,16,31
1588291200000,01/05/2020,Kilkenny,Leinster,99232,258,4,5,4
1588291200000,01/05/2020,Laois,Leinster,84697,234,4,5,4
1588291200000,01/05/2020,Leitrim,Connacht,32044,67,-1,0,0
1588291200000,01/05/2020,Limerick,Munster,194899,580,16,15,20
1588291200000,01/05/2020,Longford,Leinster,40873,153,3,2,4
1588291200000,01/05/2020,Louth,Leinster,128884,673,6,6,11
1588291200000,01/05/2020,Mayo,Connacht,130507,494,6,4,8
1588291200000,01/05/2020,Meath,Leinster,195044,699,12,9,12
1588291200000,01/05/2020,Monaghan,Ulster,61386,409,6,5,8
1588291200000,01/05/2020,Offaly,Leinster,77961,305,12,8,11
1588291200000,01/05/2020,Roscommon,Connacht,64544,174,14,8,8
1588291200000,01/05/2020,Sligo,Connacht,65535,117,-1,0,2
1588291200000,01/05/2020,Tipperary,Munster,159553,478,5,21,19
1588291200000,01/05/2020,Waterford,Munster,116176,139,1,1,1
1588291200000,01/05/2020,Westmeath,Leinster,88770,509,9,12,10
1588291200000,01/05/2020,Wexford,Leinster,149722,185,2,6,4
1588291200000,01/05/2020,Wicklow,Leinster,142425,618,14,10,8
1588377600000,02/05/2020,Carlow,Leinster,56932,127,1,9,5
1588377600000,02/05/2020,Cavan,Ulster,76176,682,9,13,10
1588377600000,02/05/2020,Clare,Munster,118817,245,5,3,5
1588377600000,02/05/2020,Cork,Munster,542868,1175,11,7,7
1588377600000,02/05/2020,Donegal,Ulster,159192,465,4,2,2
1588377600000,02/05/2020,Dublin,Leinster,1347359,10561,155,130,147
1588377600000,02/05/2020,Galway,Connacht,258058,365,0,3,4
1588377600000,02/05/2020,Kerry,Munster,147707,298,3,2,1
1588377600000,02/05/2020,Kildare,Leinster,222504,1268,26,18,20
1588377600000,02/05/2020,Kilkenny,Leinster,99232,259,1,3,4
1588377600000,02/05/2020,Laois,Leinster,84697,237,3,4,5
1588377600000,02/05/2020,Leitrim,Connacht,32044,70,3,1,1
1588377600000,02/05/2020,Limerick,Munster,194899,583,3,12,18
1588377600000,02/05/2020,Longford,Leinster,40873,213,60,21,12
1588377600000,02/05/2020,Louth,Leinster,128884,679,6,7,7
1588377600000,02/05/2020,Mayo,Connacht,130507,501,7,5,5
1588377600000,02/05/2020,Meath,Leinster,195044,713,14,11,12
1588377600000,02/05/2020,Monaghan,Ulster,61386,423,14,8,7
1588377600000,02/05/2020,Offaly,Leinster,77961,314,9,10,12
1588377600000,02/05/2020,Roscommon,Connacht,64544,174,0,8,6
1588377600000,02/05/2020,Sligo,Connacht,65535,119,2,1,1
1588377600000,02/05/2020,Tipperary,Munster,159553,479,1,4,16
1588377600000,02/05/2020,Waterford,Munster,116176,140,1,1,0
1588377600000,02/05/2020,Westmeath,Leinster,88770,540,31,18,13
1588377600000,02/05/2020,Wexford,Leinster,149722,185,0,2,3
1588377600000,02/05/2020,Wicklow,Leinster,142425,622,4,8,9
1588464000000,03/05/2020,Carlow,Leinster,56932,127,0,9,5
1588464000000,03/05/2020,Cavan,Ulster,76176,694,12,13,10
1588464000000,03/05/2020,Clare,Munster,118817,249,4,4,3
1588464000000,03/05/2020,Cork,Munster,542868,1177,2,7,7
1588464000000,03/05/2020,Donegal,Ulster,159192,466,1,2,2
1588464000000,03/05/2020,Dublin,Leinster,1347359,10670,109,131,149
1588464000000,03/05/2020,Galway,Connacht,258058,369,4,4,5
1588464000000,03/05/2020,Kerry,Munster,147707,301,3,2,2
1588464000000,03/05/2020,Kildare,Leinster,222504,1280,12,18,19
1588464000000,03/05/2020,Kilkenny,Leinster,99232,258,-1,1,4
1588464000000,03/05/2020,Laois,Leinster,84697,238,1,3,4
1588464000000,03/05/2020,Leitrim,Connacht,32044,70,0,1,0
1588464000000,03/05/2020,Limerick,Munster,194899,585,2,7,10
1588464000000,03/05/2020,Longford,Leinster,40873,235,22,28,14
1588464000000,03/05/2020,Louth,Leinster,128884,685,6,6,6
1588464000000,03/05/2020,Mayo,Connacht,130507,510,9,7,6
1588464000000,03/05/2020,Meath,Leinster,195044,717,4,10,11
1588464000000,03/05/2020,Monaghan,Ulster,61386,429,6,9,6
1588464000000,03/05/2020,Offaly,Leinster,77961,317,3,8,12
1588464000000,03/05/2020,Roscommon,Connacht,64544,181,7,7,6
1588464000000,03/05/2020,Sligo,Connacht,65535,120,1,1,0
1588464000000,03/05/2020,Tipperary,Munster,159553,486,7,4,17
1588464000000,03/05/2020,Waterford,Munster,116176,139,-1,0,0
1588464000000,03/05/2020,Westmeath,Leinster,88770,547,7,16,14
1588464000000,03/05/2020,Wexford,Leinster,149722,184,-1,0,3
1588464000000,03/05/2020,Wicklow,Leinster,142425,625,3,7,10